timestamp,goniometer,recording_flag
1746664265.503038,0.0,0
1746664265.5087636,31998.0,0
1746664265.5196967,32692.0,0
1746664265.528836,32226.0,0
1746664265.5391567,32244.0,0
1746664265.5490992,32458.0,0
1746664265.5594382,32256.0,0
1746664265.5695646,32096.0,0
1746664265.5807545,32252.0,0
1746664265.5919557,31901.0,0
1746664265.5988665,32074.0,0
1746664265.6099546,32154.0,0
1746664265.6188622,32242.0,0
1746664265.629358,31938.0,0
1746664265.6388133,32034.0,0
1746664265.648925,32220.0,0
1746664265.659809,31775.0,0
1746664265.6692681,31922.0,0
1746664265.6797981,31764.0,0
1746664265.6894429,31360.0,0
1746664265.6988423,31408.0,0
1746664265.7088578,31556.0,0
1746664265.7216933,31508.0,0
1746664265.729876,31606.0,0
1746664265.7398298,31491.0,0
1746664265.7491033,31323.0,0
1746664265.7591126,31634.0,0
1746664265.768883,31217.0,0
1746664265.7788265,31074.0,0
1746664265.788856,31131.0,0
1746664265.7995355,31317.0,0
1746664265.8087857,30918.0,0
1746664265.8201246,31030.0,0
1746664265.829793,31058.0,0
1746664265.8394964,30726.0,0
1746664265.8497996,31232.0,0
1746664265.859512,31046.0,0
1746664265.8689282,31126.0,0
1746664265.878871,31390.0,0
1746664265.8889933,30840.0,0
1746664265.898789,31086.0,0
1746664265.9095633,30950.0,0
1746664265.9196754,31274.0,0
1746664265.9295743,31159.0,0
1746664265.939582,31151.0,0
1746664265.9499588,30942.0,0
1746664265.9589436,31092.0,0
1746664265.9696467,31028.0,0
1746664265.9789019,31076.0,0
1746664265.9897234,31024.0,0
1746664265.998842,31046.0,0
1746664266.0087461,30872.0,0
1746664266.0199053,31058.0,0
1746664266.0297818,31218.0,0
1746664266.0390189,30940.0,0
1746664266.0494866,31021.0,0
1746664266.059378,31331.0,0
1746664266.0688322,31272.0,0
1746664266.0791984,31202.0,0
1746664266.0893147,30818.0,0
1746664266.0987709,31188.0,0
1746664266.1093068,31132.0,0
1746664266.1214464,31054.0,0
1746664266.1390998,30950.0,0
1746664266.1496673,31180.0,0
1746664266.1592333,31278.0,0
1746664266.1692703,31337.0,0
1746664266.1789563,31132.0,0
1746664266.190419,30896.0,0
1746664266.1998062,31181.0,0
1746664266.2094538,31001.0,0
1746664266.220218,31242.0,0
1746664266.2291539,31114.0,0
1746664266.239269,31552.0,0
1746664266.249536,31196.0,0
1746664266.2587464,31152.0,0
1746664266.2718546,31192.0,0
1746664266.279447,31152.0,0
1746664266.289292,31438.0,0
1746664266.3000445,30892.0,0
1746664266.309689,31118.0,0
1746664266.3194127,31320.0,0
1746664266.329675,31182.0,0
1746664266.3392546,31152.0,0
1746664266.3498201,31364.0,0
1746664266.3588111,31105.0,0
1746664266.3695607,31256.0,0
1746664266.3798308,31149.0,0
1746664266.3892272,30968.0,0
1746664266.3992827,31182.0,0
1746664266.4087956,31348.0,0
1746664266.4195895,31118.0,0
1746664266.4309034,31010.0,0
1746664266.4391396,31208.0,0
1746664266.4491355,31300.0,0
1746664266.4596107,31526.0,0
1746664266.4689775,31276.0,0
1746664266.4787853,31134.0,0
1746664266.4907727,31178.0,0
1746664266.499818,30977.0,0
1746664266.5092463,31070.0,0
1746664266.5198965,30992.0,0
1746664266.5295372,31198.0,0
1746664266.5396643,31152.0,0
1746664266.548872,30936.0,0
1746664266.5590174,31136.0,0
1746664266.5687163,30867.0,0
1746664266.5790665,30958.0,0
1746664266.5895195,30992.0,0
1746664266.599147,31451.0,0
1746664266.6091595,31570.0,0
1746664266.6200943,31548.0,0
1746664266.6320982,31499.0,0
1746664266.6401346,31526.0,0
1746664266.6492348,31316.0,0
1746664266.6591117,31312.0,0
1746664266.6688092,31470.0,0
1746664266.679234,31327.0,0
1746664266.689858,31356.0,0
1746664266.6997216,31343.0,0
1746664266.7093368,31784.0,0
1746664266.7269607,31335.0,0
1746664266.7413583,31332.0,0
1746664266.7501726,31583.0,0
1746664266.7663944,31708.0,0
1746664266.77156,31560.0,0
1746664266.779013,31188.0,0
1746664266.7893465,31540.0,0
1746664266.7992527,31034.0,0
1746664266.8097005,31324.0,0
1746664266.8199894,31570.0,0
1746664266.8301995,31069.0,0
1746664266.8417614,31527.0,0
1746664266.8612745,31378.0,0
1746664266.8715966,31760.0,0
1746664266.8806906,31640.0,0
1746664266.8901079,31942.0,0
1746664266.89989,31632.0,0
1746664266.909308,31958.0,0
1746664266.9216797,31601.0,0
1746664266.9298465,31962.0,0
1746664266.9417682,31922.0,0
1746664266.9502406,31642.0,0
1746664266.9598353,31744.0,0
1746664266.9705174,31902.0,0
1746664266.9797325,31608.0,0
1746664266.9902747,31746.0,0
1746664267.0007439,31767.0,0
1746664267.009959,31610.0,0
1746664267.0225794,31830.0,0
1746664267.0315235,31738.0,0
1746664267.0405152,32161.0,0
1746664267.0509734,31822.0,0
1746664267.0596278,31758.0,0
1746664267.069622,31874.0,0
1746664267.080293,31788.0,0
1746664267.0904424,31907.0,0
1746664267.099942,31490.0,0
1746664267.1107707,31620.0,0
1746664267.1197658,31923.0,0
1746664267.1300688,31872.0,0
1746664267.1487012,31738.0,0
1746664267.1589074,31875.0,0
1746664267.1688716,31734.0,0
1746664267.1790483,31610.0,0
1746664267.1890807,31919.0,0
1746664267.2011883,31654.0,0
1746664267.2085881,31614.0,0
1746664267.220426,31595.0,0
1746664267.229246,31690.0,0
1746664267.2412472,31621.0,0
1746664267.2491984,31761.0,0
1746664267.2590764,31950.0,0
1746664267.2692459,32108.0,0
1746664267.279001,31680.0,0
1746664267.288618,31668.0,0
1746664267.2990944,32160.0,0
1746664267.309015,31871.0,0
1746664267.3192525,31722.0,0
1746664267.328938,31871.0,0
1746664267.3391683,31927.0,0
1746664267.3488894,31783.0,0
1746664267.3589244,31532.0,0
1746664267.3692267,31438.0,0
1746664267.3793051,31506.0,0
1746664267.3887157,31122.0,0
1746664267.3989122,31376.0,0
1746664267.409486,31388.0,0
1746664267.4193647,31565.0,0
1746664267.429347,31374.0,0
1746664267.4389627,31692.0,0
1746664267.4488313,31610.0,0
1746664267.4591243,31219.0,0
1746664267.4693842,31462.0,0
1746664267.4788659,31327.0,0
1746664267.4898255,31354.0,0
1746664267.4988484,31271.0,0
1746664267.5095391,31720.0,0
1746664267.5202124,31090.0,0
1746664267.5345285,31351.0,0
1746664267.53885,31874.0,0
1746664267.5494347,31337.0,0
1746664267.559651,30958.0,0
1746664267.5687768,31130.0,0
1746664267.5788484,31424.0,0
1746664267.5887034,31398.0,0
1746664267.5987341,31290.0,0
1746664267.6096005,31202.0,0
1746664267.6201048,31161.0,0
1746664267.63019,31166.0,0
1746664267.640644,30978.0,0
1746664267.6492708,31144.0,0
1746664267.6589937,31102.0,0
1746664267.6686356,31008.0,0
1746664267.6788225,30828.0,0
1746664267.6885664,31800.0,0
1746664267.6988335,29385.0,0
1746664267.7088137,29940.0,0
1746664267.719334,29440.0,0
1746664267.7293718,30008.0,0
1746664267.7430925,29711.0,0
1746664267.7502491,29778.0,0
1746664267.7594194,29669.0,0
1746664267.7688873,29766.0,0
1746664267.7790694,30046.0,0
1746664267.7895594,29547.0,0
1746664267.7996447,29494.0,0
1746664267.8087416,29807.0,0
1746664267.8198805,29844.0,0
1746664267.8306174,29622.0,0
1746664267.8421094,29714.0,0
1746664267.8488865,29739.0,0
1746664267.85904,30056.0,0
1746664267.8694868,29753.0,0
1746664267.8790956,29638.0,0
1746664267.8891606,29484.0,0
1746664267.8987992,29729.0,0
1746664267.9093378,29557.0,0
1746664267.920348,29753.0,0
1746664267.9299443,29518.0,0
1746664267.9401262,29558.0,0
1746664267.9493895,29659.0,0
1746664267.9592233,29430.0,0
1746664267.96972,29162.0,0
1746664267.9789386,29192.0,0
1746664267.9895768,29498.0,0
1746664267.9986935,29180.0,0
1746664268.0088775,29179.0,0
1746664268.019538,29236.0,0
1746664268.02901,29216.0,0
1746664268.0393822,29020.0,0
1746664268.049691,29330.0,0
1746664268.058875,29190.0,0
1746664268.0689979,29070.0,0
1746664268.0788321,28954.0,0
1746664268.0892496,29478.0,0
1746664268.0987334,29494.0,0
1746664268.109589,29753.0,0
1746664268.1190565,29423.0,0
1746664268.1294,29374.0,0
1746664268.1387565,29808.0,0
1746664268.1496353,29762.0,0
1746664268.1589386,29698.0,0
1746664268.1690445,30018.0,0
1746664268.1791902,29844.0,0
1746664268.1889305,29806.0,0
1746664268.1987476,29836.0,0
1746664268.2089477,30218.0,0
1746664268.2195501,29812.0,0
1746664268.2299857,30166.0,0
1746664268.2415938,29760.0,0
1746664268.2507296,30122.0,0
1746664268.2589614,30249.0,0
1746664268.2694116,30506.0,0
1746664268.2788935,30018.0,0
1746664268.2894826,30032.0,0
1746664268.298983,30253.0,0
1746664268.3094363,30116.0,0
1746664268.3195002,30170.0,0
1746664268.3329246,30074.0,0
1746664268.339885,30039.0,0
1746664268.3508558,29940.0,0
1746664268.3588486,30238.0,0
1746664268.3693519,30115.0,0
1746664268.3786862,30374.0,0
1746664268.3926432,30162.0,0
1746664268.3993535,30279.0,0
1746664268.4108782,30472.0,0
1746664268.4192178,30296.0,0
1746664268.430285,30704.0,0
1746664268.4399724,30618.0,0
1746664268.4491267,30268.0,0
1746664268.4589832,30518.0,0
1746664268.4692235,30805.0,0
1746664268.479608,30388.0,0
1746664268.490075,30784.0,0
1746664268.4995599,30906.0,0
1746664268.5094683,30770.0,0
1746664268.5192776,30824.0,0
1746664268.5296748,30426.0,0
1746664268.5396874,31042.0,0
1746664268.5488298,30740.0,0
1746664268.558707,30986.0,0
1746664268.5694966,30739.0,0
1746664268.5793204,30854.0,0
1746664268.5903144,31236.0,0
1746664268.599765,31436.0,0
1746664268.6092393,31076.0,0
1746664268.6198626,31276.0,0
1746664268.6309187,30988.0,0
1746664268.6401224,31168.0,0
1746664268.6506689,31174.0,0
1746664268.6597102,31360.0,0
1746664268.6695452,31227.0,0
1746664268.6789477,31296.0,0
1746664268.6897712,31496.0,0
1746664268.6988666,31378.0,0
1746664268.7087448,31442.0,0
1746664268.7198577,31372.0,0
1746664268.7298875,31264.0,0
1746664268.7393577,31320.0,0
1746664268.7491558,31403.0,0
1746664268.7592642,31228.0,0
1746664268.770368,31376.0,0
1746664268.7806163,31290.0,0
1746664268.7892962,31262.0,0
1746664268.799697,31570.0,0
1746664268.8090427,31395.0,0
1746664268.819149,31517.0,0
1746664268.8293147,31289.0,0
1746664268.8392482,31362.0,0
1746664268.8509157,31434.0,0
1746664268.8602662,30990.0,0
1746664268.8694308,31155.0,0
1746664268.8809128,31533.0,0
1746664268.8892002,31630.0,0
1746664268.89965,32748.0,0
1746664268.909883,34622.0,0
1746664268.9202554,35234.0,0
1746664268.9306638,36916.0,0
1746664268.9422016,37933.0,0
1746664268.9504812,39550.0,0
1746664268.9589949,40759.0,0
1746664268.9689643,41310.0,0
1746664268.9790342,42734.0,0
1746664268.9886408,44136.0,0
1746664269.0003743,46351.0,0
1746664269.0089502,47842.0,0
1746664269.019996,49790.0,0
1746664269.0304155,51128.0,0
1746664269.0399146,51524.0,0
1746664269.0493262,52932.0,0
1746664269.059456,54421.0,0
1746664269.0693042,55584.0,0
1746664269.080221,56808.0,0
1746664269.089967,57796.0,0
1746664269.0990362,58566.0,0
1746664269.1090028,60238.0,0
1746664269.1195688,61574.0,0
1746664269.135408,62790.0,0
1746664269.1407087,64092.0,0
1746664269.1499093,64734.0,0
1746664269.1600716,66122.0,0
1746664269.1699572,68200.0,0
1746664269.1788554,69975.0,0
1746664269.1898184,71706.0,0
1746664269.198903,74002.0,0
1746664269.2090275,75868.0,0
1746664269.2213707,76664.0,0
1746664269.2368882,78265.0,0
1746664269.2433488,78265.0,0
1746664269.2503057,79332.0,0
1746664269.2590737,80011.0,0
1746664269.269157,81623.0,0
1746664269.2788723,83126.0,0
1746664269.2895882,84088.0,0
1746664269.2989292,85138.0,0
1746664269.308974,86368.0,0
1746664269.3194013,86792.0,0
1746664269.328977,87434.0,0
1746664269.3427699,88206.0,0
1746664269.350642,88594.0,0
1746664269.3588634,89126.0,0
1746664269.3693707,90168.0,0
1746664269.379884,90893.0,0
1746664269.389308,91546.0,0
1746664269.3989205,91966.0,0
1746664269.4086602,92474.0,0
1746664269.4208064,93068.0,0
1746664269.436358,93766.0,0
1746664269.439351,93891.0,0
1746664269.4489949,93752.0,0
1746664269.4596598,94166.0,0
1746664269.4695814,94116.0,0
1746664269.479265,94352.0,0
1746664269.4888184,94109.0,0
1746664269.4991803,94115.0,0
1746664269.5090456,94072.0,0
1746664269.519931,94146.0,0
1746664269.5399654,93852.0,0
1746664269.5528786,93862.0,0
1746664269.559933,93685.0,0
1746664269.5695245,93808.0,0
1746664269.57894,93786.0,0
1746664269.5887957,93497.0,0
1746664269.5992427,93383.0,0
1746664269.610308,92604.0,0
1746664269.6198418,92294.0,0
1746664269.630278,91653.0,0
1746664269.639406,91450.0,0
1746664269.649692,90942.0,0
1746664269.6591809,90430.0,0
1746664269.670105,89776.0,0
1746664269.6801834,88610.0,0
1746664269.6889353,88186.0,0
1746664269.6996956,87172.0,0
1746664269.7088575,86325.0,0
1746664269.7193255,85453.0,0
1746664269.72955,83774.0,0
1746664269.73934,82820.0,0
1746664269.7494214,81806.0,0
1746664269.7593617,80678.0,0
1746664269.7692075,79248.0,0
1746664269.779736,77898.0,0
1746664269.7893207,76734.0,0
1746664269.7990346,75856.0,0
1746664269.809959,73399.0,0
1746664269.8217266,72152.0,0
1746664269.833565,71541.0,0
1746664269.8396173,69552.0,0
1746664269.8533134,67040.0,0
1746664269.860904,65850.0,0
1746664269.8696613,64548.0,0
1746664269.8795967,62030.0,0
1746664269.8899145,60693.0,0
1746664269.8989723,59100.0,0
1746664269.909948,56573.0,0
1746664269.9262261,52694.0,0
1746664269.9333913,52694.0,0
1746664269.9438236,-55131.0,0
1746664269.950873,-55079.0,0
1746664269.9609966,-55085.0,0
1746664269.9697015,-54763.0,0
1746664269.9788678,-54276.0,0
1746664269.993372,-54179.0,0
1746664270.0022087,-53079.0,0
1746664270.0088904,-52809.0,0
1746664270.0218625,-52033.0,0
1746664270.029352,-51223.0,0
1746664270.0395682,-49807.0,0
1746664270.0490417,-48477.0,0
1746664270.0602124,-47585.0,0
1746664270.069549,-45057.0,0
1746664270.0790071,-44055.0,0
1746664270.0889006,-41669.0,0
1746664270.0992355,-39801.0,0
1746664270.1093607,-37757.0,0
1746664270.1196208,-35469.0,0
1746664270.1297438,-33331.0,0
1746664270.141704,-31951.0,0
1746664270.1515422,-29778.0,0
1746664270.1591356,-28294.0,0
1746664270.1692977,-25409.0,0
1746664270.1788414,-23571.0,0
1746664270.1897182,-20371.0,0
1746664270.1993525,-17719.0,0
1746664270.2094455,-15513.0,0
1746664270.2196305,-13005.0,0
1746664270.2298694,-11581.0,0
1746664270.239353,-9763.0,0
1746664270.249109,-8297.0,0
1746664270.259449,-5685.0,0
1746664270.2696192,-3383.0,0
1746664270.2789955,-757.0,0
1746664270.289652,2694.0,0
1746664270.2990482,5309.0,0
1746664270.309695,7420.0,0
1746664270.3207755,9882.0,0
1746664270.3308156,11560.0,0
1746664270.340128,14152.0,0
1746664270.34989,15524.0,0
1746664270.3598967,19509.0,0
1746664270.3692577,22656.0,0
1746664270.379039,24756.0,0
1746664270.389547,27188.0,0
1746664270.3987904,29104.0,0
1746664270.4099143,31798.0,0
1746664270.4193459,33474.0,0
1746664270.4305933,36520.0,0
1746664270.43921,38410.0,0
1746664270.4498267,41350.0,0
1746664270.460107,44843.0,0
1746664270.4687555,46480.0,0
1746664270.480032,49084.0,0
1746664270.4889965,50462.0,0
1746664270.4998944,52338.0,0
1746664270.5088701,53762.0,0
1746664270.5208502,56238.0,0
1746664270.530664,58540.0,0
1746664270.5396438,60912.0,0
1746664270.5498595,62438.0,0
1746664270.559202,64249.0,0
1746664270.5693283,66132.0,0
1746664270.5795276,66797.0,0
1746664270.5893657,69494.0,0
1746664270.599398,71006.0,0
1746664270.6094997,73252.0,0
1746664270.6200066,74790.0,0
1746664270.635241,77660.0,0
1746664270.6394958,77799.0,0
1746664270.6503606,78734.0,0
1746664270.6592252,80950.0,0
1746664270.6697416,82141.0,0
1746664270.6795127,83168.0,0
1746664270.69041,84426.0,0
1746664270.6997426,85955.0,0
1746664270.710569,86668.0,0
1746664270.7220707,87736.0,0
1746664270.7297485,88376.0,0
1746664270.7398067,89020.0,0
1746664270.7489128,89792.0,0
1746664270.7596607,90884.0,0
1746664270.7696683,90964.0,0
1746664270.7797613,91862.0,0
1746664270.7903621,92702.0,0
1746664270.798893,93174.0,0
1746664270.810664,93499.0,0
1746664270.8217292,93780.0,0
1746664270.839742,94138.0,0
1746664270.8527255,94326.0,0
1746664270.859428,94488.0,0
1746664270.869175,94413.0,0
1746664270.8790357,94407.0,0
1746664270.8897085,94428.0,0
1746664270.8996634,94217.0,0
1746664270.9089444,93974.0,0
1746664270.9222558,93865.0,0
1746664270.9410207,93725.0,0
1746664270.951582,92935.0,0
1746664270.961696,92636.0,0
1746664270.9717145,91934.0,0
1746664270.980743,91248.0,0
1746664270.9912007,91032.0,0
1746664271.0007465,90062.0,0
1746664271.0095494,89397.0,0
1746664271.0196996,88570.0,0
1746664271.028931,87790.0,0
1746664271.039173,87231.0,0
1746664271.0495815,85958.0,0
1746664271.0598092,85310.0,0
1746664271.0688848,84259.0,0
1746664271.07933,83422.0,0
1746664271.09033,81946.0,0
1746664271.0995812,81272.0,0
1746664271.1095445,80201.0,0
1746664271.122539,78938.0,0
1746664271.1330903,77838.0,0
1746664271.140571,77356.0,0
1746664271.1494117,76451.0,0
1746664271.1589196,74686.0,0
1746664271.1700668,72964.0,0
1746664271.1833303,71584.0,0
1746664271.1904912,70922.0,0
1746664271.199484,69984.0,0
1746664271.2100713,67738.0,0
1746664271.2192729,66716.0,0
1746664271.233378,64339.0,0
1746664271.2405827,63712.0,0
1746664271.2499816,63208.0,0
1746664271.259569,60810.0,0
1746664271.2696218,58948.0,0
1746664271.2790833,55874.0,0
1746664271.2898984,53940.0,0
1746664271.2994297,52165.0,0
1746664271.3092542,49880.0,0
1746664271.321854,48534.0,0
1746664271.3300824,47308.0,0
1746664271.3391714,46044.0,0
1746664271.3497195,44132.0,0
1746664271.3601184,42495.0,0
1746664271.368607,40570.0,0
1746664271.3794672,38744.0,0
1746664271.3904123,35426.0,0
1746664271.400337,33084.0,0
1746664271.4093611,31426.0,0
1746664271.4195137,29505.0,0
1746664271.4318433,27585.0,0
1746664271.4401417,26789.0,0
1746664271.4494925,25870.0,0
1746664271.4593143,23272.0,0
1746664271.4697049,21140.0,0
1746664271.4794924,19142.0,0
1746664271.488795,16658.0,0
1746664271.4996314,13134.0,0
1746664271.5092926,11092.0,0
1746664271.5202467,9494.0,0
1746664271.5339494,8252.0,0
1746664271.5388947,7970.0,0
1746664271.550262,5238.0,0
1746664271.558861,4237.0,0
1746664271.5688422,2052.0,0
1746664271.579502,-1479.0,0
1746664271.5896242,-3661.0,0
1746664271.6001647,-5869.0,0
1746664271.6088128,-7930.0,0
1746664271.620338,-10628.0,0
1746664271.632021,-12469.0,0
1746664271.641623,-13297.0,0
1746664271.6495748,-15157.0,0
1746664271.6604264,-17793.0,0
1746664271.6692924,-19597.0,0
1746664271.67998,-22158.0,0
1746664271.688896,-24544.0,0
1746664271.6988158,-26155.0,0
1746664271.7089744,-28437.0,0
1746664271.7191663,-29683.0,0
1746664271.7295258,-31229.0,0
1746664271.7406583,-32291.0,0
1746664271.7499185,-33481.0,0
1746664271.7596912,-34911.0,0
1746664271.7688808,-36945.0,0
1746664271.7788346,-38343.0,0
1746664271.7898548,-40280.0,0
1746664271.7993128,-41372.0,0
1746664271.8097613,-43239.0,0
1746664271.819778,-43819.0,0
1746664271.8331597,-44993.0,0
1746664271.8393984,-45751.0,0
1746664271.8494296,-46490.0,0
1746664271.858703,-46960.0,0
1746664271.8687046,-48287.0,0
1746664271.8788953,-48988.0,0
1746664271.8889985,-50145.0,0
1746664271.9011817,-50856.0,0
1746664271.909952,-51718.0,0
1746664271.9212632,-52697.0,0
1746664271.9324434,-53729.0,0
1746664271.9389963,-53901.0,0
1746664271.9502723,-54927.0,0
1746664271.9592476,-55541.0,0
1746664271.9798868,-56432.0,0
1746664271.9896536,-56489.0,0
1746664271.9992566,-56747.0,0
1746664272.0090065,-57141.0,0
1746664272.0217087,-57475.0,0
1746664272.0293064,-57623.0,0
1746664272.0395417,-57997.0,0
1746664272.0505457,-58121.0,0
1746664272.0599172,-58226.0,0
1746664272.069778,-58403.0,0
1746664272.079196,-58572.0,0
1746664272.089416,-58370.0,0
1746664272.0992723,-58099.0,0
1746664272.1106086,-58647.0,0
1746664272.1202664,-58665.0,0
1746664272.1300316,-58677.0,0
1746664272.1395595,-58533.0,0
1746664272.1489027,-58599.0,0
1746664272.1593893,-58774.0,0
1746664272.1691186,-58275.0,0
1746664272.1791825,-58539.0,0
1746664272.1894011,-58570.0,0
1746664272.199646,-58391.0,0
1746664272.2092009,-58105.0,0
1746664272.221828,-57985.0,0
1746664272.238331,-57433.0,0
1746664272.2498763,-57643.0,0
1746664272.263753,-57519.0,0
1746664272.2700193,-57727.0,0
1746664272.2791233,-56913.0,0
1746664272.2897592,-56779.0,0
1746664272.2988749,-56599.0,0
1746664272.3106723,-56450.0,0
1746664272.3215818,-55857.0,0
1746664272.3292222,81624.0,0
1746664272.3393974,81770.0,0
1746664272.3533669,81635.0,0
1746664272.3599372,81002.0,0
1746664272.3702707,80871.0,0
1746664272.378706,80735.0,0
1746664272.3900707,80128.0,0
1746664272.399979,80020.0,0
1746664272.4092214,79286.0,0
1746664272.4190931,78928.0,0
1746664272.4292831,78678.0,0
1746664272.4396663,77870.0,0
1746664272.4504,77250.0,0
1746664272.464,76798.0,0
1746664272.4699428,76645.0,0
1746664272.480777,75640.0,0
1746664272.4907732,74910.0,0
1746664272.4996157,73906.0,0
1746664272.5088072,73752.0,0
1746664272.519856,71908.0,0
1746664272.5318236,70993.0,0
1746664272.5394316,69972.0,0
1746664272.549854,69588.0,0
1746664272.5588899,68516.0,0
1746664272.569571,67667.0,0
1746664272.5787828,66985.0,0
1746664272.589193,65934.0,0
1746664272.599183,64680.0,0
1746664272.6092734,63590.0,0
1746664272.6212926,62548.0,0
1746664272.6338868,61762.0,0
1746664272.6391292,61072.0,0
1746664272.649099,59624.0,0
1746664272.6585915,58398.0,0
1746664272.6706994,57314.0,0
1746664272.6799304,55778.0,0
1746664272.6886804,54622.0,0
1746664272.6993928,52672.0,0
1746664272.7097561,50496.0,0
1746664272.72021,49391.0,0
1746664272.734602,48448.0,0
1746664272.7396312,48154.0,0
1746664272.7496624,46950.0,0
1746664272.7588801,45410.0,0
1746664272.7685986,43610.0,0
1746664272.778933,40738.0,0
1746664272.7896643,39134.0,0
1746664272.7991457,37536.0,0
1746664272.8089826,35352.0,0
1746664272.8210065,33259.0,0
1746664272.834639,31851.0,0
1746664272.83903,31606.0,0
1746664272.8497567,30270.0,0
1746664272.8603718,28578.0,0
1746664272.869269,26184.0,0
1746664272.8794067,24342.0,0
1746664272.8887591,22080.0,0
1746664272.899218,19430.0,0
1746664272.9089053,16996.0,0
1746664272.9206636,15286.0,0
1746664272.930667,13564.0,0
1746664272.939626,12878.0,0
1746664272.9490347,11576.0,0
1746664272.9594717,10030.0,0
1746664272.9700818,8080.0,0
1746664272.9798996,5696.0,0
1746664272.9900777,2346.0,0
1746664272.9997406,1088.0,0
1746664273.00959,-1613.0,0
1746664273.0211995,-3985.0,0
1746664273.0304942,-5546.0,0
1746664273.0402107,-6880.0,0
1746664273.0498922,-8315.0,0
1746664273.0590563,-10669.0,0
1746664273.0688307,-12081.0,0
1746664273.0798564,-14839.0,0
1746664273.0891995,-17053.0,0
1746664273.0989141,-19197.0,0
1746664273.1104329,-22331.0,0
1746664273.1198497,-23899.0,0
1746664273.1342804,-25139.0,0
1746664273.1388793,-25469.0,0
1746664273.1498692,-26831.0,0
1746664273.158807,-28200.0,0
1746664273.1697593,-31587.0,0
1746664273.1803632,-33573.0,0
1746664273.19069,-35541.0,0
1746664273.1993897,-36503.0,0
1746664273.210676,-38397.0,0
1746664273.2207088,-39934.0,0
1746664273.2316291,-40961.0,0
1746664273.239366,-41307.0,0
1746664273.2495441,-42302.0,0
1746664273.2597067,-44268.0,0
1746664273.2699635,-45801.0,0
1746664273.2800968,-48125.0,0
1746664273.2887793,-49693.0,0
1746664273.2991512,-50445.0,0
1746664273.3090308,-51535.0,0
1746664273.3216014,-52702.0,0
1746664273.3299108,-53531.0,0
1746664273.339559,-54119.0,0
1746664273.3509927,-54855.0,0
1746664273.3589387,-55449.0,0
1746664273.369192,-56855.0,0
1746664273.37937,-57925.0,0
1746664273.388684,-58741.0,0
1746664273.3990147,-59608.0,0
1746664273.408874,-60479.0,0
1746664273.4208026,-61205.0,0
1746664273.4293048,-61379.0,0
1746664273.43987,-61753.0,0
1746664273.4487917,-61958.0,0
1746664273.4588897,-62186.0,0
1746664273.468854,-62667.0,0
1746664273.4795802,-63106.0,0
1746664273.4891915,-63187.0,0
1746664273.500182,-63435.0,0
1746664273.5090132,-63953.0,0
1746664273.522618,-64651.0,0
1746664273.5338862,-64331.0,0
1746664273.5394077,-64309.0,0
1746664273.5491953,-64371.0,0
1746664273.5587862,-64321.0,0
1746664273.5695724,-64404.0,0
1746664273.5789986,-64385.0,1
1746664273.5915422,-64382.0,1
1746664273.5997975,-64285.0,1
1746664273.6094406,-64566.0,1
1746664273.6204717,-64253.0,1
1746664273.6299837,-63963.0,1
1746664273.6393697,-63141.0,1
1746664273.649599,-63015.0,1
1746664273.6603088,-62879.0,1
1746664273.6687083,-62287.0,1
1746664273.6804702,-61487.0,1
1746664273.6898992,-60751.0,1
1746664273.6991413,-60151.0,1
1746664273.7107098,-59021.0,1
1746664273.7220674,-58196.0,1
1746664273.7303488,-56952.0,1
1746664273.7394807,-56477.0,1
1746664273.7505467,-54467.0,1
1746664273.7600827,-53091.0,1
1746664273.7700574,-51384.0,1
1746664273.7792733,-50498.0,1
1746664273.7892053,-48637.0,1
1746664273.7991478,-46690.0,1
1746664273.8094313,-44609.0,1
1746664273.8193333,-43835.0,1
1746664273.831858,-41313.0,1
1746664273.839538,-39797.0,1
1746664273.849705,-37695.0,1
1746664273.8591075,-34731.0,1
1746664273.8701308,-32719.0,1
1746664273.880093,-29187.0,1
1746664273.8897202,-26862.0,1
1746664273.901247,-25123.0,1
1746664273.9097347,-22243.0,1
1746664273.9219847,58733.0,1
1746664273.9302442,58612.0,1
1746664273.939299,57435.0,1
1746664273.951216,56612.0,1
1746664273.9589963,55951.0,1
1746664273.9692955,55306.0,1
1746664273.9791129,54405.0,1
1746664273.990466,53622.0,1
1746664273.9995885,52518.0,1
1746664274.0090253,51564.0,1
1746664274.0205896,50460.0,1
1746664274.030727,49692.0,1
1746664274.0401545,48532.0,1
1746664274.0493274,47950.0,1
1746664274.059473,46444.0,1
1746664274.06967,45474.0,1
1746664274.0789142,44333.0,1
1746664274.089213,43188.0,1
1746664274.098992,41594.0,1
1746664274.1088514,40576.0,1
1746664274.121771,38377.0,1
1746664274.1292467,37030.0,1
1746664274.1398141,35790.0,1
1746664274.149239,34153.0,1
1746664274.1591737,31535.0,1
1746664274.1700256,30296.0,1
1746664274.1796021,28490.0,1
1746664274.1889555,26856.0,1
1746664274.200061,24616.0,1
1746664274.2103105,22318.0,1
1746664274.2195363,20346.0,1
1746664274.2330399,18969.0,1
1746664274.239006,16903.0,1
1746664274.250314,13970.0,1
1746664274.2589357,11969.0,1
1746664274.2695022,10188.0,1
1746664274.2793183,8640.0,1
1746664274.289587,6264.0,1
1746664274.2996778,3196.0,1
1746664274.3109066,574.0,1
1746664274.3193707,-1971.0,1
1746664274.3323736,-4825.0,1
1746664274.3393953,-5813.0,1
1746664274.3499236,-6777.0,1
1746664274.3591871,-8609.0,1
1746664274.3694184,-11083.0,1
1746664274.3793604,-14005.0,1
1746664274.388827,-16021.0,1
1746664274.400016,-19566.0,1
1746664274.4090214,-21596.0,1
1746664274.42071,-24414.0,1
1746664274.42957,-25876.0,1
1746664274.4401014,-27077.0,1
1746664274.4496136,-28163.0,1
1746664274.459903,-30651.0,1
1746664274.4698877,-33117.0,1
1746664274.479189,-35295.0,1
1746664274.490434,-38421.0,1
1746664274.5003135,-40283.0,1
1746664274.5090346,-41933.0,1
1746664274.519561,-43145.0,1
1746664274.5315442,-45681.0,1
1746664274.54054,-48003.0,1
1746664274.5495212,-50463.0,1
1746664274.5595093,-52529.0,1
1746664274.570402,-55683.0,1
1746664274.5789316,-57487.0,1
1746664274.591326,-59111.0,1
1746664274.6018565,-60169.0,1
1746664274.6177685,-61855.0,1
1746664274.629251,-63461.0,1
1746664274.64731,-63987.0,1
1746664274.651178,-66663.0,1
1746664274.6604757,-67710.0,1
1746664274.6729512,-69715.0,1
1746664274.683455,-70157.0,1
1746664274.702685,-72685.0,1
1746664274.7130067,-73081.0,1
1746664274.7263598,-73608.0,1
1746664274.7338886,-74967.0,1
1746664274.7442405,-75732.0,1
1746664274.7504137,-77229.0,1
1746664274.75984,-77997.0,1
1746664274.769886,-78807.0,1
1746664274.7791526,-78913.0,1
1746664274.789658,-79455.0,1
1746664274.7994683,-79675.0,1
1746664274.809195,-79989.0,1
1746664274.8189769,-80205.0,1
1746664274.8293703,-80569.0,1
1746664274.839036,-80396.0,1
1746664274.8492544,-80795.0,1
1746664274.858846,-80619.0,1
1746664274.8696113,-80411.0,1
1746664274.879251,-80179.0,1
1746664274.8896036,-80377.0,1
1746664274.898759,-80014.0,1
1746664274.909746,-79719.0,1
1746664274.919659,-79687.0,1
1746664274.9315345,-78957.0,1
1746664274.9402804,-78509.0,1
1746664274.949705,-78058.0,1
1746664274.959491,-77049.0,1
1746664274.9707222,-76329.0,1
1746664274.9803758,-75736.0,1
1746664274.9892702,-74629.0,1
1746664274.999543,-73845.0,1
1746664275.009604,-72340.0,1
1746664275.0203621,-70427.0,1
1746664275.0327842,-69169.0,1
1746664275.0391898,-67939.0,1
1746664275.0497706,-66095.0,1
1746664275.0589309,-64229.0,1
1746664275.0704722,-61675.0,1
1746664275.078991,-60607.0,1
1746664275.0887375,-57812.0,1
1746664275.0999203,-56275.0,1
1746664275.1102293,-53557.0,1
1746664275.1208813,-51519.0,1
1746664275.1313045,-50205.0,1
1746664275.1421564,-46322.0,1
1746664275.1519437,-43953.0,1
1746664275.160333,-42347.0,1
1746664275.172482,-37823.0,1
1746664275.181962,-35510.0,1
1746664275.1905222,-33247.0,1
1746664275.1999848,-31539.0,1
1746664275.2107294,-29207.0,1
1746664275.2219512,-23891.0,1
1746664275.2429156,-22639.0,1
1746664275.2502072,-15526.0,1
1746664275.2600462,-12697.0,1
1746664275.2689745,-10517.0,1
1746664275.2804325,-7190.0,1
1746664275.2899773,-5453.0,1
1746664275.300111,-1141.0,1
1746664275.319484,2826.0,1
1746664275.3334816,4826.0,1
1746664275.343933,6683.0,1
1746664275.3492382,9129.0,1
1746664275.3595994,11205.0,1
1746664275.3696551,13411.0,1
1746664275.3808572,14987.0,1
1746664275.3894165,16323.0,1
1746664275.3989973,18716.0,1
1746664275.410781,21346.0,1
1746664275.419988,23479.0,1
1746664275.4291446,25851.0,1
1746664275.4423132,28772.0,1
1746664275.4492784,29766.0,1
1746664275.4596338,31220.0,1
1746664275.468947,32868.0,1
1746664275.4789407,34696.0,1
1746664275.4895804,37304.0,1
1746664275.4998372,39532.0,1
1746664275.5088735,41411.0,1
1746664275.5207057,43760.0,1
1746664275.530888,45370.0,1
1746664275.5389063,46226.0,1
1746664275.5493624,47525.0,1
1746664275.5592096,48949.0,1
1746664275.569134,50492.0,1
1746664275.579571,52734.0,1
1746664275.590444,55323.0,1
1746664275.5998576,56943.0,1
1746664275.6104414,58162.0,1
1746664275.621481,59230.0,1
1746664275.6353154,60102.0,1
1746664275.642132,60824.0,1
1746664275.6496515,61458.0,1
1746664275.6601017,62544.0,1
1746664275.668948,63807.0,1
1746664275.6799152,65480.0,1
1746664275.6887195,66692.0,1
1746664275.700535,67973.0,1
1746664275.709242,69104.0,1
1746664275.72067,69782.0,1
1746664275.7288492,70266.0,1
1746664275.7405784,70852.0,1
1746664275.7533565,71304.0,1
1746664275.7612994,71803.0,1
1746664275.7708626,72658.0,1
1746664275.7803714,73268.0,1
1746664275.7906404,73976.0,1
1746664275.8018126,74506.0,1
1746664275.809413,74658.0,1
1746664275.8203993,75082.0,1
1746664275.832383,75486.0,1
1746664275.8394315,75644.0,1
1746664275.8543537,75840.0,1
1746664275.8593283,76291.0,1
1746664275.8696256,76248.0,1
1746664275.8793252,76110.0,1
1746664275.8893535,76692.0,1
1746664275.8997822,76506.0,1
1746664275.9096606,76578.0,1
1746664275.92075,76884.0,1
1746664275.9296198,76751.0,1
1746664275.9419365,76374.0,1
1746664275.949758,76374.0,1
1746664275.9593363,76588.0,1
1746664275.9689837,76304.0,1
1746664275.979796,76186.0,1
1746664275.9894247,75728.0,1
1746664275.9994779,75454.0,1
1746664276.0094507,74724.0,1
1746664276.021542,74418.0,1
1746664276.0296881,74358.0,1
1746664276.0388355,73692.0,1
1746664276.0512176,73169.0,1
1746664276.060193,72613.0,1
1746664276.0699177,72062.0,1
1746664276.0799751,71268.0,1
1746664276.089868,70281.0,1
1746664276.0996711,69366.0,1
1746664276.1098514,68290.0,1
1746664276.1303203,67982.0,1
1746664276.1434674,67307.0,1
1746664276.1497395,67122.0,1
1746664276.1612878,66884.0,1
1746664276.1706913,66108.0,1
1746664276.1798406,65376.0,1
1746664276.1894522,64198.0,1
1746664276.199475,63002.0,1
1746664276.2103837,61814.0,1
1746664276.2209654,60269.0,1
1746664276.22943,59219.0,1
1746664276.2396753,59096.0,1
1746664276.2508707,56709.0,1
1746664276.2596874,55645.0,1
1746664276.270084,54070.0,1
1746664276.279372,52320.0,1
1746664276.289972,50582.0,1
1746664276.3008103,48988.0,1
1746664276.309175,47634.0,1
1746664276.3202064,45943.0,1
1746664276.329316,44683.0,1
1746664276.3395057,42512.0,1
1746664276.350305,-51503.0,1
1746664276.3601716,-50373.0,1
1746664276.3693788,-48447.0,1
1746664276.3797112,-45597.0,1
1746664276.3895254,-43623.0,1
1746664276.3997073,-41725.0,1
1746664276.4095073,-39170.0,1
1746664276.4195652,-37638.0,1
1746664276.4302955,-35855.0,1
1746664276.4398813,-33972.0,1
1746664276.4498336,-31442.0,1
1746664276.4587932,-29150.0,1
1746664276.4694474,-27005.0,1
1746664276.4791648,-24894.0,1
1746664276.4894698,-22621.0,1
1746664276.4989743,-20839.0,1
1746664276.5099227,-20229.0,1
1746664276.5209668,-18019.0,1
1746664276.530412,-16495.0,1
1746664276.539314,-15210.0,1
1746664276.5502841,-13075.0,1
1746664276.5593672,-10566.0,1
1746664276.569052,-8063.0,1
1746664276.5788693,-5879.0,1
1746664276.5898695,-3025.0,1
1746664276.5990593,-1079.0,1
1746664276.6098027,1870.0,1
1746664276.619933,3590.0,1
1746664276.6379688,5068.0,1
1746664276.6510296,6200.0,1
1746664276.6595182,7676.0,1
1746664276.6695578,8926.0,1
1746664276.6801908,11697.0,1
1746664276.6889496,14217.0,1
1746664276.6989605,16284.0,1
1746664276.7094684,18684.0,1
1746664276.719911,20450.0,1
1746664276.7297595,21788.0,1
1746664276.7390301,24276.0,1
1746664276.7496033,24626.0,1
1746664276.7601035,26142.0,1
1746664276.7691169,27110.0,1
1746664276.7795439,29181.0,1
1746664276.7901227,31912.0,1
1746664276.7994597,34308.0,1
1746664276.8089972,36480.0,1
1746664276.8192775,38584.0,1
1746664276.8304396,40358.0,1
1746664276.8387654,41582.0,1
1746664276.849556,43268.0,1
1746664276.860069,44890.0,1
1746664276.8703609,46716.0,1
1746664276.879834,48526.0,1
1746664276.8896906,50988.0,1
1746664276.8995545,53066.0,1
1746664276.9111705,55094.0,1
1746664276.9198089,56053.0,1
1746664276.9348788,56696.0,1
1746664276.9412806,57532.0,1
1746664276.9489727,58351.0,1
1746664276.958932,60330.0,1
1746664276.9688656,61590.0,1
1746664276.980022,63620.0,1
1746664276.988957,65124.0,1
1746664276.9990585,65950.0,1
1746664277.0097678,66864.0,1
1746664277.0200741,67644.0,1
1746664277.0291033,68174.0,1
1746664277.0401814,68637.0,1
1746664277.050067,69258.0,1
1746664277.0597792,70384.0,1
1746664277.0692253,71290.0,1
1746664277.0804107,71976.0,1
1746664277.0893528,73063.0,1
1746664277.0993009,73908.0,1
1746664277.1097214,74388.0,1
1746664277.1206965,74822.0,1
1746664277.130098,75212.0,1
1746664277.1402345,75804.0,1
1746664277.1500869,76492.0,1
1746664277.160633,76540.0,1
1746664277.169661,77103.0,1
1746664277.1788409,77424.0,1
1746664277.1893213,78184.0,1
1746664277.199357,78508.0,1
1746664277.209033,78317.0,1
1746664277.2217298,78404.0,1
1746664277.2315755,78383.0,1
1746664277.2399282,78230.0,1
1746664277.2498271,78538.0,1
1746664277.2587583,78818.0,1
1746664277.2696962,78995.0,1
1746664277.2788987,78821.0,1
1746664277.2900572,78324.0,1
1746664277.2987635,78414.0,1
1746664277.3086421,78502.0,1
1746664277.3195267,78144.0,1
1746664277.3292556,78094.0,1
1746664277.339308,77862.0,1
1746664277.351064,77762.0,1
1746664277.3588378,77648.0,1
1746664277.3697116,77154.0,1
1746664277.3789396,76494.0,1
1746664277.3895626,75789.0,1
1746664277.3993945,75489.0,1
1746664277.4100604,75076.0,1
1746664277.420477,74494.0,1
1746664277.4309485,73734.0,1
1746664277.4408853,73510.0,1
1746664277.4511747,73380.0,1
1746664277.4597,72488.0,1
1746664277.4695094,70975.0,1
1746664277.4799547,70522.0,1
1746664277.4894884,68696.0,1
1746664277.4993706,68288.0,1
1746664277.509819,66688.0,1
1746664277.5215726,66224.0,1
1746664277.5314116,64742.0,1
1746664277.5396554,63887.0,1
1746664277.5496361,63208.0,1
1746664277.5589707,61728.0,1
1746664277.5698998,60218.0,1
1746664277.578851,58884.0,1
1746664277.5895317,58008.0,1
1746664277.5991466,56711.0,1
1746664277.6100173,54422.0,1
1746664277.6201787,53482.0,1
1746664277.633868,51432.0,1
1746664277.6392288,50816.0,1
1746664277.6494868,49329.0,1
1746664277.660029,47234.0,1
1746664277.6692834,46036.0,1
1746664277.6794155,44086.0,1
1746664277.688756,41319.0,1
1746664277.698914,39988.0,1
1746664277.7091913,37848.0,1
1746664277.7193542,35536.0,1
1746664277.732875,33828.0,1
1746664277.7396493,33339.0,1
1746664277.7499845,31338.0,1
1746664277.760083,29008.0,1
1746664277.769599,27438.0,1
1746664277.7787282,25160.0,1
1746664277.7898757,22780.0,1
1746664277.7989993,21133.0,1
1746664277.808772,18400.0,1
1746664277.8197308,15420.0,1
1746664277.8295329,12840.0,1
1746664277.8389652,11170.0,1
1746664277.8504245,8804.0,1
1746664277.8605378,7459.0,1
1746664277.86952,6088.0,1
1746664277.8796186,2560.0,1
1746664277.8887846,-436.0,1
1746664277.8990524,-3188.0,1
1746664277.9097006,-5549.0,1
1746664277.9208488,-7182.0,1
1746664277.9317336,-8767.0,1
1746664277.9397314,-9837.0,1
1746664277.9486558,-11435.0,1
1746664277.9594302,-13831.0,1
1746664277.969951,-17099.0,1
1746664277.979231,-19225.0,1
1746664277.9892504,-21939.0,1
1746664277.999857,-24680.0,1
1746664278.0088701,-26052.0,1
1746664278.0216453,-27859.0,1
1746664278.0312614,-29198.0,1
1746664278.0407727,-29935.0,1
1746664278.049656,13458.0,1
1746664278.058856,15918.0,1
1746664278.0693228,17583.0,1
1746664278.0787146,18479.0,1
1746664278.0886729,20174.0,1
1746664278.0990245,21982.0,1
1746664278.1089041,25176.0,1
1746664278.1196795,27080.0,1
1746664278.1295862,28902.0,1
1746664278.140391,29653.0,1
1746664278.1498845,31566.0,1
1746664278.1592565,33075.0,1
1746664278.1696208,35100.0,1
1746664278.1792502,36881.0,1
1746664278.1894207,38517.0,1
1746664278.2076733,41032.0,1
1746664278.2204785,43872.0,1
1746664278.230373,45260.0,1
1746664278.2398722,46314.0,1
1746664278.2495089,47352.0,1
1746664278.2596734,48790.0,1
1746664278.2701638,50232.0,1
1746664278.27937,51208.0,1
1746664278.2904246,52684.0,1
1746664278.2990613,54385.0,1
1746664278.3102825,56618.0,1
1746664278.3206851,58105.0,1
1746664278.3305993,59004.0,1
1746664278.3396506,59401.0,1
1746664278.3518066,60140.0,1
1746664278.3599331,61278.0,1
1746664278.370107,62035.0,1
1746664278.3789382,63127.0,1
1746664278.3895152,64350.0,1
1746664278.3989213,65574.0,1
1746664278.4098964,66706.0,1
1746664278.41889,67592.0,1
1746664278.429254,68534.0,1
1746664278.4387672,68930.0,1
1746664278.4489543,69194.0,1
1746664278.4589503,69446.0,1
1746664278.4694965,69994.0,1
1746664278.4790218,70702.0,1
1746664278.488925,71092.0,1
1746664278.4995754,71800.0,1
1746664278.5096781,72166.0,1
1746664278.519933,72640.0,1
1746664278.5304017,72698.0,1
1746664278.5399656,72444.0,1
1746664278.549543,72680.0,1
1746664278.5594432,72756.0,1
1746664278.5695267,72824.0,1
1746664278.57871,72638.0,1
1746664278.5895784,72182.0,1
1746664278.5997841,72362.0,1
1746664278.6094837,72042.0,1
1746664278.6199143,72037.0,1
1746664278.6305695,72200.0,1
1746664278.6398163,71608.0,1
1746664278.6491108,71414.0,1
1746664278.658946,71046.0,1
1746664278.6696935,70867.0,1
1746664278.6791518,70106.0,1
1746664278.6899252,69621.0,1
1746664278.6995802,69326.0,1
1746664278.7100742,68228.0,1
1746664278.719415,68214.0,1
1746664278.732234,67488.0,1
1746664278.7393641,66747.0,1
1746664278.7504702,66019.0,1
1746664278.7601833,65186.0,1
1746664278.7694192,64056.0,1
1746664278.7798538,63270.0,1
1746664278.7890184,61304.0,1
1746664278.7993705,60992.0,1
1746664278.8095105,59508.0,1
1746664278.8195193,58984.0,1
1746664278.832966,57690.0,1
1746664278.8390887,56922.0,1
1746664278.8508945,56295.0,1
1746664278.8599129,55484.0,1
1746664278.870698,54298.0,1
1746664278.8803167,53532.0,1
1746664278.8901038,51923.0,1
1746664278.8999321,50586.0,1
1746664278.9094079,49224.0,1
1746664278.9202807,48206.0,1
1746664278.9302487,47506.0,1
1746664278.9398098,46526.0,1
1746664278.949172,45946.0,1
1746664278.9597604,43198.0,1
1746664278.9697378,41472.0,1
1746664278.9798324,40810.0,1
1746664278.9902472,39030.0,1
1746664279.0000844,37220.0,1
1746664279.0093205,35438.0,1
1746664279.0209203,34182.0,1
1746664279.030251,32432.0,1
1746664279.0396767,31740.0,1
1746664279.0495176,30132.0,1
1746664279.0607636,27349.0,1
1746664279.0712337,25333.0,1
1746664279.0790222,23590.0,1
1746664279.089268,21969.0,1
1746664279.098935,20266.0,1
1746664279.1090276,17844.0,1
1746664279.1195362,15024.0,1
1746664279.130157,13246.0,1
1746664279.1401296,10650.0,1
1746664279.1501687,8654.0,1
1746664279.1605628,6916.0,1
1746664279.1696556,5126.0,1
1746664279.1793723,3149.0,1
1746664279.1899798,410.0,1
1746664279.1995122,-1895.0,1
1746664279.2094219,-3985.0,1
1746664279.2202702,-6409.0,1
1746664279.230252,-10011.0,1
1746664279.2406697,-12303.0,1
1746664279.2493026,-13703.0,1
1746664279.259375,-16867.0,1
1746664279.2700667,-18744.0,1
1746664279.27994,-19749.0,1
1746664279.2894282,-22120.0,1
1746664279.2999637,-24033.0,1
1746664279.3101695,-26597.0,1
1746664279.3198776,-29140.0,1
1746664279.332014,-32011.0,1
1746664279.3404424,-33323.0,1
1746664279.3500779,-35029.0,1
1746664279.3602355,-36952.0,1
1746664279.3705866,-38817.0,1
1746664279.3802543,-40027.0,1
1746664279.3902228,-43154.0,1
1746664279.3992403,-45595.0,1
1746664279.409767,-48043.0,1
1746664279.4199796,-50133.0,1
1746664279.4345515,-52412.0,1
1746664279.43933,-53325.0,1
1746664279.4502065,-54015.0,1
1746664279.4587064,-55311.0,1
1746664279.470179,-56785.0,1
1746664279.4802058,-59407.0,1
1746664279.4888906,-60499.0,1
1746664279.4992394,-61893.0,1
1746664279.5087519,-63369.0,1
1746664279.5213697,-65397.0,1
1746664279.5333316,-66437.0,1
1746664279.5418935,-66863.0,1
1746664279.5497916,-67671.0,1
1746664279.5594206,-68261.0,1
1746664279.5697808,-69348.0,1
1746664279.5790508,-70871.0,1
1746664279.5897443,-72343.0,1
1746664279.5988483,-72672.0,1
1746664279.609608,-74005.0,1
1746664279.6213877,-73896.0,1
1746664279.6373396,-74225.0,1
1746664279.640404,-74267.0,1
1746664279.6502771,-74447.0,1
1746664279.6591918,-75025.0,1
1746664279.6692874,-75231.0,1
1746664279.6794083,-75373.0,1
1746664279.68903,-75827.0,1
1746664279.6994784,-75625.0,1
1746664279.7087815,-75689.0,1
1746664279.7202563,-75495.0,1
1746664279.7309866,-75611.0,1
1746664279.7398021,-75769.0,1
1746664279.7493072,-75325.0,1
1746664279.7594442,-75279.0,1
1746664279.7700768,-74944.0,1
1746664279.7793922,-74786.0,1
1746664279.7900093,-74489.0,1
1746664279.799605,-74162.0,1
1746664279.8092718,-74137.0,1
1746664279.8202667,63844.0,1
1746664279.8303742,64308.0,1
1746664279.8432431,64232.0,1
1746664279.8497171,64260.0,1
1746664279.8595119,64323.0,1
1746664279.8698626,64274.0,1
1746664279.879894,64592.0,1
1746664279.8886712,64263.0,1
1746664279.9008243,64252.0,1
1746664279.909166,63956.0,1
1746664279.919418,64184.0,1
1746664279.932553,63815.0,1
1746664279.9390538,63964.0,1
1746664279.9493663,63572.0,1
1746664279.959757,63078.0,1
1746664279.9691834,62958.0,1
1746664279.9788058,62506.0,1
1746664279.9888575,61412.0,1
1746664280.0001185,61102.0,1
1746664280.0100286,60005.0,1
1746664280.0204668,59705.0,1
1746664280.0312445,59284.0,1
1746664280.040359,58892.0,1
1746664280.050658,58254.0,1
1746664280.0591464,57481.0,1
1746664280.069289,56367.0,1
1746664280.0831866,56049.0,1
1746664280.0896695,55121.0,1
1746664280.0991132,54006.0,1
1746664280.1095505,52409.0,1
1746664280.1222346,51489.0,1
1746664280.1298487,50676.0,1
1746664280.1402156,50476.0,1
1746664280.151393,49652.0,1
1746664280.1601715,48820.0,1
1746664280.1699877,47684.0,1
1746664280.1797955,46330.0,1
1746664280.1892633,45256.0,1
1746664280.1999786,43182.0,1
1746664280.209217,41472.0,1
1746664280.2208762,40060.0,1
1746664280.229231,38714.0,1
1746664280.2403314,37143.0,1
1746664280.248923,35908.0,1
1746664280.2598217,34409.0,1
1746664280.2692893,32898.0,1
1746664280.2802706,30642.0,1
1746664280.2899976,29328.0,1
1746664280.2996755,27428.0,1
1746664280.3095214,25066.0,1
1746664280.319983,23532.0,1
1746664280.3301032,22098.0,1
1746664280.3394053,19918.0,1
1746664280.350049,18244.0,1
1746664280.35905,16454.0,1
1746664280.3700397,14298.0,1
1746664280.3791342,13208.0,1
1746664280.3895152,11544.0,1
1746664280.3989282,9635.0,1
1746664280.4095993,6552.0,1
1746664280.4196613,4840.0,1
1746664280.433556,2240.0,1
1746664280.439067,804.0,1
1746664280.4500456,-1408.0,1
1746664280.4598231,-4051.0,1
1746664280.4689193,-5543.0,1
1746664280.4790096,-8057.0,1
1746664280.489751,-9840.0,1
1746664280.4986224,-12281.0,1
1746664280.5089803,-14567.0,1
1746664280.520072,-17285.0,1
1746664280.5344763,-20035.0,1
1746664280.5391045,-21041.0,1
1746664280.5489833,-22809.0,1
1746664280.559552,-23893.0,1
1746664280.5688078,-26400.0,1
1746664280.5793035,-28326.0,1
1746664280.5887427,-30641.0,1
1746664280.5991714,-32928.0,1
1746664280.6091897,-36129.0,1
1746664280.621301,-37791.0,1
1746664280.6338947,-40517.0,1
1746664280.6400945,-41568.0,1
1746664280.6503131,-43199.0,1
1746664280.6587973,-44623.0,1
1746664280.6695611,-47001.0,1
1746664280.679405,-49224.0,1
1746664280.6894011,-51219.0,1
1746664280.698837,-52739.0,1
1746664280.7088294,-55398.0,1
1746664280.7206883,-57038.0,1
1746664280.7292745,-58119.0,1
1746664280.7402058,-58593.0,1
1746664280.749845,-59405.0,1
1746664280.7591166,-60099.0,1
1746664280.769852,-61744.0,1
1746664280.7791183,-62847.0,1
1746664280.7895055,-64375.0,1
1746664280.800064,-66329.0,1
1746664280.8096387,-67199.0,1
1746664280.8198671,-68351.0,1
1746664280.8314066,-69667.0,1
1746664280.8413014,-69846.0,1
1746664280.8521209,-70729.0,1
1746664280.860154,-71289.0,1
1746664280.870136,-71687.0,1
1746664280.8796432,-72831.0,1
1746664280.8895102,-73697.0,1
1746664280.8991737,-74750.0,1
1746664280.9104104,-75695.0,1
1746664280.9215665,-76397.0,1
1746664280.9288223,-77037.0,1
1746664280.939807,-77747.0,1
1746664280.9503634,-77571.0,1
1746664280.9595582,-77903.0,1
1746664280.9702249,-78127.0,1
1746664280.981132,-78313.0,1
1746664280.989368,-78197.0,1
1746664280.9994125,-78755.0,1
1746664281.009255,-78565.0,1
1746664281.0207257,-78919.0,1
1746664281.0315259,-78713.0,1
1746664281.0397305,-78491.0,1
1746664281.0509334,-78641.0,1
1746664281.0589387,-78429.0,1
1746664281.0691047,-78490.0,1
1746664281.0792341,-78383.0,1
1746664281.089611,-77819.0,1
1746664281.099162,-77767.0,1
1746664281.1095045,-77279.0,1
1746664281.1199408,-77195.0,1
1746664281.1337957,-76893.0,1
1746664281.1391206,-76295.0,1
1746664281.1500003,-75632.0,1
1746664281.16001,-75097.0,1
1746664281.1687677,-74477.0,1
1746664281.1798031,-73095.0,1
1746664281.189483,-72751.0,1
1746664281.1989598,-70173.0,1
1746664281.2095964,-68493.0,1
1746664281.2192059,-67393.0,1
1746664281.229739,-65197.0,1
1746664281.2406447,-63607.0,1
1746664281.2496831,-61373.0,1
1746664281.2601624,-59669.0,1
1746664281.2696056,-57681.0,1
1746664281.2794218,-56067.0,1
1746664281.2895265,-53656.0,1
1746664281.2996383,-50821.0,1
1746664281.3098931,-47635.0,1
1746664281.3194823,-45280.0,1
1746664281.3291743,-42659.0,1
1746664281.3399076,-39283.0,1
1746664281.3504555,-36751.0,1
1746664281.3599684,-34712.0,1
1746664281.3691413,-32715.0,1
1746664281.3789053,-29929.0,1
1746664281.3898346,-26088.0,1
1746664281.398765,-22851.0,1
1746664281.408801,-17833.0,1
1746664281.4199615,-16015.0,1
1746664281.429985,-11793.0,1
1746664281.4393015,-10127.0,1
1746664281.4496465,-7959.0,1
1746664281.4593718,-5340.0,1
1746664281.4698946,-2837.0,1
1746664281.4791048,52242.0,1
1746664281.488746,50800.0,1
1746664281.4992833,49936.0,1
1746664281.5096428,47684.0,1
1746664281.5204308,46056.0,1
1746664281.5308065,43320.0,1
1746664281.540482,42048.0,1
1746664281.5513737,41164.0,1
1746664281.5606103,39926.0,1
1746664281.5698295,36964.0,1
1746664281.5800316,34254.0,1
1746664281.5905852,32860.0,1
1746664281.599289,31753.0,1
1746664281.6089334,30054.0,1
1746664281.6225119,28388.0,1
1746664281.6354442,26038.0,1
1746664281.6454437,24376.0,1
1746664281.6509376,23665.0,1
1746664281.6593585,21703.0,1
1746664281.6688666,19545.0,1
1746664281.6800735,16558.0,1
1746664281.689387,14712.0,1
1746664281.6995075,13112.0,1
1746664281.7090294,10995.0,1
1746664281.7198687,8948.0,1
1746664281.7312992,5532.0,1
1746664281.7401853,4184.0,1
1746664281.7491791,2610.0,1
1746664281.7602816,-635.0,1
1746664281.7693145,-2833.0,1
1746664281.7820883,-4789.0,1
1746664281.7895663,-6829.0,1
1746664281.800399,-7735.0,1
1746664281.810657,-9577.0,1
1746664281.8227403,-11963.0,1
1746664281.8319945,-12979.0,1
1746664281.8432028,-13650.0,1
1746664281.8501387,-15211.0,1
1746664281.861149,-16367.0,1
1746664281.8710942,-18936.0,1
1746664281.8806398,-20553.0,1
1746664281.890225,-21559.0,1
1746664281.9013016,-24277.0,1
1746664281.9098825,-25529.0,1
1746664281.9219403,-27157.0,1
1746664281.9356081,-28215.0,1
1746664281.9403658,-29257.0,1
1746664281.9505186,-30535.0,1
1746664281.9636655,-32593.0,1
1746664281.9699993,-33777.0,1
1746664281.9796414,-36429.0,1
1746664281.9896407,-38771.0,1
1746664281.999669,-41185.0,1
1746664282.010056,-43441.0,1
1746664282.0227404,-45773.0,1
1746664282.0295744,-46447.0,1
1746664282.0411415,-47555.0,1
1746664282.050614,-48915.0,1
1746664282.0594332,-49185.0,1
1746664282.0707855,-51279.0,1
1746664282.0793328,-51541.0,1
1746664282.091048,-52485.0,1
1746664282.1008654,-54820.0,1
1746664282.1089363,-56447.0,1
1746664282.1202016,-57197.0,1
1746664282.1315887,-58371.0,1
1746664282.1438968,-60050.0,1
1746664282.1490903,-60611.0,1
1746664282.1592038,-61949.0,1
1746664282.1687818,-62449.0,1
1746664282.1933312,-63718.0,1
1746664282.201284,-64679.0,1
1746664282.2096052,-65343.0,1
1746664282.2224197,-66417.0,1
1746664282.229009,-67243.0,1
1746664282.240114,-68632.0,1
1746664282.249027,-70646.0,1
1746664282.2596524,-72309.0,1
1746664282.2702968,-73325.0,1
1746664282.2799578,-75172.0,1
1746664282.2900753,-76046.0,1
1746664282.2993536,-76796.0,1
1746664282.3097396,-77515.0,1
1746664282.3209543,-78487.0,1
1746664282.3287344,-79617.0,1
1746664282.3397408,-80347.0,1
1746664282.3502061,-81284.0,1
1746664282.3592737,-81818.0,1
1746664282.3690517,-82377.0,1
1746664282.3792667,-82850.0,1
1746664282.3908498,-82875.0,1
1746664282.3998315,-82723.0,1
1746664282.410652,-82983.0,1
1746664282.4214923,-83013.0,1
1746664282.4322197,-83405.0,1
1746664282.4407845,-83613.0,1
1746664282.4506524,-83804.0,1
1746664282.4603815,-83618.0,1
1746664282.470439,-83386.0,1
1746664282.479442,-83462.0,1
1746664282.4898465,-83497.0,1
1746664282.4998348,-83113.0,1
1746664282.5099962,-83435.0,1
1746664282.520877,-82839.0,1
1746664282.5345519,-82676.0,1
1746664282.5394602,-82633.0,1
1746664282.549469,-81635.0,1
1746664282.5598142,-81825.0,1
1746664282.5690427,-80862.0,1
1746664282.5796516,-80395.0,1
1746664282.5898674,-79653.0,1
1746664282.5993147,-78949.0,1
1746664282.6087816,-77918.0,1
1746664282.6217852,-76180.0,1
1746664282.6333506,-75017.0,1
1746664282.6415813,-74704.0,1
1746664282.6505747,-73256.0,1
1746664282.6597855,-72172.0,1
1746664282.6696951,-70989.0,1
1746664282.6787927,-68351.0,1
1746664282.6899989,-66375.0,1
1746664282.6990988,-65021.0,1
1746664282.709495,-61992.0,1
1746664282.7207959,-60447.0,1
1746664282.732137,-57945.0,1
1746664282.739588,-56977.0,1
1746664282.7502832,-54823.0,1
1746664282.7595427,-52099.0,1
1746664282.7688608,-49536.0,1
1746664282.7796988,-46449.0,1
1746664282.7892382,-43631.0,1
1746664282.7991972,-41720.0,1
1746664282.8136873,-39489.0,1
1746664282.8220513,-38277.0,1
1746664282.8304598,-36911.0,1
1746664282.8388422,-35352.0,1
1746664282.8494291,-32721.0,1
1746664282.8593915,-30273.0,1
1746664282.8706145,-26531.0,1
1746664282.882655,-25075.0,1
1746664282.890623,-22335.0,1
1746664282.8994062,-19671.0,1
1746664282.9091382,-16343.0,1
1746664282.9197829,-14279.0,1
1746664282.9298096,-12086.0,1
1746664282.9396977,-10679.0,1
1746664282.9490821,-8307.0,1
1746664282.9593093,-4872.0,1
1746664282.9688725,35846.0,1
1746664282.9795966,33798.0,1
1746664282.9894645,31001.0,1
1746664282.9997447,28857.0,1
1746664283.0092251,26544.0,1
1746664283.0198655,24904.0,1
1746664283.0343812,22548.0,1
1746664283.0418298,21964.0,1
1746664283.049974,19806.0,1
1746664283.0596309,17116.0,1
1746664283.0689147,15466.0,1
1746664283.0788937,13308.0,1
1746664283.0898383,11106.0,1
1746664283.099032,8694.0,1
1746664283.1088965,6046.0,1
1746664283.1199927,3859.0,1
1746664283.131341,1447.0,1
1746664283.1393013,-153.0,1
1746664283.1494277,-1796.0,1
1746664283.1587548,-4127.0,1
1746664283.1698763,-6441.0,1
1746664283.178597,-8627.0,1
1746664283.1891491,-11431.0,1
1746664283.198761,-13673.0,1
1746664283.2103424,-16722.0,1
1746664283.220447,-18972.0,1
1746664283.2310998,-20059.0,1
1746664283.239109,-20526.0,1
1746664283.2489173,-22311.0,1
1746664283.2595544,-25553.0,1
1746664283.269703,-27831.0,1
1746664283.2791226,-30472.0,1
1746664283.289528,-33257.0,1
1746664283.29919,-35584.0,1
1746664283.3086166,-37653.0,1
1746664283.319944,-39551.0,1
1746664283.333257,-41273.0,1
1746664283.34017,-42851.0,1
1746664283.348981,-43379.0,1
1746664283.3598607,-46289.0,1
1746664283.3689508,-48114.0,1
1746664283.3799002,-50700.0,1
1746664283.389547,-53019.0,1
1746664283.399013,-54669.0,1
1746664283.4088302,-56473.0,1
1746664283.4198048,-57065.0,1
1746664283.4305933,-58435.0,1
1746664283.4393165,-59267.0,1
1746664283.4490385,-60907.0,1
1746664283.4601088,-62129.0,1
1746664283.4691615,-64035.0,1
1746664283.4789956,-65579.0,1
1746664283.4899578,-67497.0,1
1746664283.4998407,-68915.0,1
1746664283.508815,-69637.0,1
1746664283.5195844,-70545.0,1
1746664283.5324755,-71655.0,1
1746664283.5393088,-72063.0,1
1746664283.550913,-72142.0,1
1746664283.5589314,-72721.0,1
1746664283.5689142,-74361.0,1
1746664283.5792286,-75633.0,1
1746664283.5893047,-76286.0,1
1746664283.5989177,-77023.0,1
1746664283.6096325,-77527.0,1
1746664283.6196394,-77757.0,1
1746664283.637584,-78337.0,1
1746664283.6513538,-78085.0,1
1746664283.6588311,-78385.0,1
1746664283.6696565,-78563.0,1
1746664283.6792262,-79482.0,1
1746664283.6888037,-79526.0,1
1746664283.69893,-79761.0,1
1746664283.7091413,-79347.0,1
1746664283.7189507,-79317.0,1
1746664283.7317472,-79787.0,1
1746664283.7394054,-80066.0,1
1746664283.7492685,-79679.0,1
1746664283.7590787,-79963.0,1
1746664283.7686648,-79458.0,1
1746664283.7789066,-78935.0,1
1746664283.790096,-78498.0,1
1746664283.7996392,-78253.0,1
1746664283.8086593,-77691.0,1
1746664283.8193855,-77463.0,1
1746664283.831114,-76633.0,1
1746664283.839228,-76509.0,1
1746664283.8498192,-75569.0,1
1746664283.8616369,-74599.0,1
1746664283.8704405,-73631.0,1
1746664283.8806462,-72539.0,1
1746664283.890629,-72131.0,1
1746664283.8992493,-70269.0,1
1746664283.9090872,-68707.0,1
1746664283.9197192,-67011.0,1
1746664283.9329145,-64687.0,1
1746664283.9402204,-62761.0,1
1746664283.9500206,-61281.0,1
1746664283.9600728,-59695.0,1
1746664283.96897,-57858.0,1
1746664283.9792116,-55695.0,1
1746664283.9886887,-54107.0,1
1746664283.9998243,-52416.0,1
1746664284.0094934,-49993.0,1
1746664284.0191724,-46481.0,1
1746664284.0302715,-44159.0,1
1746664284.0393925,-42165.0,1
1746664284.0494208,-39133.0,1
1746664284.059455,-36205.0,1
1746664284.0693555,-34353.0,1
1746664284.0801177,-31695.0,1
1746664284.0907345,-29957.0,1
1746664284.0999386,-27385.0,1
1746664284.108746,-24445.0,1
1746664284.1205156,-19771.0,1
1746664284.1493232,-18371.0,1
1746664284.1607432,-14054.0,1
1746664284.169544,-12139.0,1
1746664284.1792893,-9711.0,1
1746664284.1895096,-7249.0,1
1746664284.199321,-4523.0,1
1746664284.2114732,-3611.0,1
1746664284.2217968,-917.0,1
1746664284.2316475,1342.0,1
1746664284.2393012,1842.0,1
1746664284.2543552,4267.0,1
1746664284.25942,6356.0,1
1746664284.2708871,9542.0,1
1746664284.2812598,12394.0,1
1746664284.289963,13077.0,1
1746664284.2993464,14886.0,1
1746664284.3108265,16826.0,1
1746664284.3197067,18909.0,1
1746664284.3311403,21744.0,1
1746664284.339124,23752.0,1
1746664284.349728,27708.0,1
1746664284.3590324,28726.0,1
1746664284.3693333,31446.0,1
1746664284.379108,33348.0,1
1746664284.390257,35046.0,1
1746664284.3994014,36106.0,1
1746664284.4098365,37627.0,1
1746664284.4237578,39256.0,1
1746664284.432342,40328.0,1
1746664284.4391048,41368.0,1
1746664284.450291,44410.0,1
1746664284.4587371,46185.0,1
1746664284.4702942,49586.0,1
1746664284.480206,50876.0,1
1746664284.4888768,52285.0,1
1746664284.4996634,53599.0,1
1746664284.5090084,55080.0,1
1746664284.520676,56762.0,1
1746664284.5353036,58624.0,1
1746664284.542061,59520.0,1
1746664284.548762,61292.0,1
1746664284.5588791,62663.0,1
1746664284.5686007,63744.0,1
1746664284.579068,64873.0,1
1746664284.5890384,65962.0,1
1746664284.6003494,66296.0,1
1746664284.6086848,68104.0,1
1746664284.6207829,69511.0,1
1746664284.6316779,70331.0,1
1746664284.6431904,71212.0,1
1746664284.6500459,71870.0,1
1746664284.6590562,72850.0,1
1746664284.670062,73916.0,1
1746664284.6801748,74282.0,1
1746664284.6895308,74844.0,1
1746664284.6997821,75323.0,1
1746664284.7092106,75546.0,1
1746664284.7198067,76037.0,1
1746664284.7335892,76432.0,1
1746664284.7421932,77064.0,1
1746664284.7488756,76672.0,1
1746664284.760157,77144.0,1
1746664284.7694962,76562.0,1
1746664284.7791007,76899.0,1
1746664284.789124,76413.0,1
1746664284.799982,76368.0,1
1746664284.8091252,76768.0,1
1746664284.820129,-82023.0,1
1746664284.831298,-81552.0,1
1746664284.8399384,-81393.0,1
1746664284.8493764,-81497.0,1
1746664284.8596833,-81357.0,1
1746664284.8700094,-81610.0,1
1746664284.879052,-81019.0,1
1746664284.8891482,-80256.0,1
1746664284.8987699,-80065.0,1
1746664284.909375,-79775.0,1
1746664284.9196568,-79351.0,1
1746664284.9340112,-78897.0,1
1746664284.9392462,-78409.0,1
1746664284.9488823,-77521.0,1
1746664284.9595816,-76303.0,1
1746664284.9699793,-75753.0,1
1746664284.9801388,-74987.0,1
1746664284.9903116,-72733.0,1
1746664284.999153,-71759.0,1
1746664285.009572,-69776.0,1
1746664285.0202816,-68767.0,1
1746664285.0343027,-67050.0,1
1746664285.040606,-66405.0,1
1746664285.0495427,-64493.0,1
1746664285.0592308,-62233.0,1
1746664285.0690298,-60515.0,1
1746664285.0792234,-58817.0,1
1746664285.0893428,-56956.0,1
1746664285.0987325,-55393.0,1
1746664285.1088328,-53669.0,1
1746664285.1196325,-51598.0,1
1746664285.12965,-49456.0,1
1746664285.1409664,-47980.0,1
1746664285.1509483,-45529.0,1
1746664285.1590092,-43149.0,1
1746664285.1695948,-40175.0,1
1746664285.1790204,-36597.0,1
1746664285.188819,-34661.0,1
1746664285.1998188,-31549.0,1
1746664285.2094085,-29743.0,1
1746664285.2200863,-27799.0,1
1746664285.229624,-25135.0,1
1746664285.2396176,-23975.0,1
1746664285.2493343,-20791.0,1
1746664285.2595644,-16211.0,1
1746664285.2693186,-13234.0,1
1746664285.2787437,-11068.0,1
1746664285.289677,-9026.0,1
1746664285.2987523,-6770.0,1
1746664285.3097403,-4898.0,1
1746664285.3199177,-2668.0,1
1746664285.3300529,311.0,1
1746664285.3436186,2143.0,1
1746664285.3501563,4082.0,1
1746664285.3589175,6914.0,1
1746664285.369227,10168.0,1
1746664285.378736,12066.0,1
1746664285.3897588,15614.0,1
1746664285.399259,17532.0,1
1746664285.4087808,20491.0,1
1746664285.4192286,22685.0,1
1746664285.429776,25153.0,1
1746664285.4418156,27113.0,1
1746664285.4498053,28574.0,1
1746664285.4613652,30360.0,1
1746664285.4701853,31745.0,1
1746664285.4792044,33587.0,1
1746664285.4887464,35898.0,1
1746664285.499136,38016.0,1
1746664285.5094981,40728.0,1
1746664285.5193417,42822.0,1
1746664285.5305114,44724.0,1
1746664285.5392141,45236.0,1
1746664285.549339,46796.0,1
1746664285.559761,47430.0,1
1746664285.5706873,48170.0,1
1746664285.579002,48701.0,1
1746664285.5888882,50064.0,1
1746664285.6000051,51652.0,1
1746664285.6093845,53143.0,1
1746664285.6192677,54692.0,1
1746664285.6295729,56236.0,1
1746664285.642047,56760.0,1
1746664285.6498537,57597.0,1
1746664285.6587133,58781.0,1
1746664285.6694298,59762.0,1
1746664285.679643,60672.0,1
1746664285.6890142,61732.0,1
1746664285.6992788,62602.0,1
1746664285.7089694,63712.0,1
1746664285.7196772,64696.0,1
1746664285.735348,66179.0,1
1746664285.7393045,66390.0,1
1746664285.7500389,67199.0,1
1746664285.7601097,68102.0,1
1746664285.7688391,68062.0,1
1746664285.780215,69068.0,1
1746664285.7891424,69697.0,1
1746664285.799516,69972.0,1
1746664285.8094378,70798.0,1
1746664285.8216836,71008.0,1
1746664285.8299203,71105.0,1
1746664285.8387706,71402.0,1
1746664285.850707,72206.0,1
1746664285.8595588,71758.0,1
1746664285.8689365,71664.0,1
1746664285.8791385,71801.0,1
1746664285.8891773,71796.0,1
1746664285.8991337,71942.0,1
1746664285.9108646,71842.0,1
1746664285.9195888,71935.0,1
1746664285.9300995,71616.0,1
1746664285.9404926,71331.0,1
1746664285.9496732,70964.0,1
1746664285.95934,70772.0,1
1746664285.9699497,70016.0,1
1746664285.9791756,69446.0,1
1746664285.9901843,68840.0,1
1746664285.999432,68478.0,1
1746664286.009032,67356.0,1
1746664286.0200222,66770.0,1
1746664286.0291157,66144.0,1
1746664286.0395074,65532.0,1
1746664286.0494742,64296.0,1
1746664286.060228,62868.0,1
1746664286.070109,61736.0,1
1746664286.0789237,60532.0,1
1746664286.0901303,59358.0,1
1746664286.0992494,58152.0,1
1746664286.1092906,56788.0,1
1746664286.11955,55488.0,1
1746664286.1317134,54334.0,1
1746664286.1407766,53478.0,1
1746664286.149642,52501.0,1
1746664286.160478,49876.0,1
1746664286.1698427,48948.0,1
1746664286.1796565,47142.0,1
1746664286.1899655,45150.0,1
1746664286.1992793,43568.0,1
1746664286.2089887,41336.0,1
1746664286.2217937,39438.0,1
1746664286.230435,38370.0,1
1746664286.239807,36925.0,1
1746664286.2492337,35712.0,1
1746664286.2594252,32740.0,1
1746664286.2692668,29988.0,1
1746664286.279145,27356.0,1
1746664286.291617,25595.0,1
1746664286.2992463,23424.0,1
1746664286.3095016,21214.0,1
1746664286.3202055,19192.0,1
1746664286.3306699,17047.0,1
1746664286.3393908,15690.0,1
1746664286.3507981,13118.0,1
1746664286.359357,10846.0,1
1746664286.3688397,7722.0,1
1746664286.3793468,4602.0,1
1746664286.389659,1476.0,1
1746664286.400721,-1062.0,1
1746664286.409298,-3216.0,1
1746664286.420866,-5309.0,1
1746664286.4300747,-8081.0,1
1746664286.4393327,-9889.0,1
1746664286.4494045,-12650.0,1
1746664286.4592242,-15803.0,1
1746664286.4692822,-17975.0,1
1746664286.4805326,-20689.0,1
1746664286.490183,-23377.0,1
1746664286.4994652,-25497.0,1
1746664286.5092344,-27414.0,1
1746664286.5195458,-30221.0,1
1746664286.530824,-33461.0,1
1746664286.5394928,-34895.0,1
1746664286.5506012,-36865.0,1
1746664286.5587156,29086.0,1
1746664286.5701356,31884.0,1
1746664286.578728,34270.0,1
1746664286.588595,36612.0,1
1746664286.599052,38314.0,1
1746664286.609624,40778.0,1
1746664286.6206503,42807.0,1
1746664286.6289892,44047.0,1
1746664286.639497,46307.0,1
1746664286.6511855,48675.0,1
1746664286.6603005,50330.0,1
1746664286.669824,52652.0,1
1746664286.6793592,54275.0,1
1746664286.6892498,55928.0,1
1746664286.6992018,57554.0,1
1746664286.7098718,59956.0,1
1746664286.720639,62208.0,1
1746664286.7297149,63448.0,1
1746664286.7400472,64596.0,1
1746664286.7495935,66310.0,1
1746664286.7599626,68160.0,1
1746664286.7687805,69346.0,1
1746664286.780583,70692.0,1
1746664286.7889736,71494.0,1
1746664286.800788,72464.0,1
1746664286.8099873,73460.0,1
1746664286.8207035,74959.0,1
1746664286.8335462,75748.0,1
1746664286.8389907,76618.0,1
1746664286.8501892,78309.0,1
1746664286.8595595,78919.0,1
1746664286.868666,79650.0,1
1746664286.878886,80576.0,1
1746664286.8896375,80918.0,1
1746664286.8992531,81860.0,1
1746664286.9090035,82640.0,1
1746664286.920203,82924.0,1
1746664286.9340823,83327.0,1
1746664286.9412148,83444.0,1
1746664286.949564,83820.0,1
1746664286.959497,83994.0,1
1746664286.9693315,84478.0,1
1746664286.9788587,83935.0,1
1746664286.9889984,83872.0,1
1746664286.9993293,83784.0,1
1746664287.0091074,83866.0,1
1746664287.020217,83988.0,1
1746664287.0293388,84068.0,1
1746664287.0397832,83888.0,1
1746664287.0518336,83724.0,1
1746664287.0593278,83374.0,1
1746664287.0688577,82894.0,1
1746664287.079539,82234.0,1
1746664287.0897603,81693.0,1
1746664287.098881,81154.0,1
1746664287.1098151,80676.0,1
1746664287.1204467,80278.0,1
1746664287.1379669,79732.0,1
1746664287.1501067,78722.0,1
1746664287.1593792,77726.0,1
1746664287.1692004,75720.0,1
1746664287.1800516,74374.0,1
1746664287.189028,73566.0,1
1746664287.1997435,71584.0,1
1746664287.2092354,70915.0,1
1746664287.2199876,69635.0,1
1746664287.231326,69160.0,1
1746664287.2397673,68739.0,1
1746664287.249481,67188.0,1
1746664287.2589417,65800.0,1
1746664287.2698483,63604.0,1
1746664287.279022,62194.0,1
1746664287.2911115,60557.0,1
1746664287.299361,58753.0,1
1746664287.3087745,57224.0,1
1746664287.319332,55526.0,1
1746664287.3291337,54116.0,1
1746664287.3388715,52482.0,1
1746664287.3491752,50298.0,1
1746664287.3588958,49174.0,1
1746664287.3695772,46038.0,1
1746664287.3788066,44270.0,1
1746664287.3890152,42292.0,1
1746664287.3995214,39802.0,1
1746664287.4096615,37119.0,1
1746664287.4196262,34915.0,1
1746664287.4350674,33137.0,1
1746664287.4393415,32098.0,1
1746664287.449258,30114.0,1
1746664287.4588206,27558.0,1
1746664287.4693227,25944.0,1
1746664287.4792109,23284.0,1
1746664287.4895957,20614.0,1
1746664287.4986959,18012.0,1
1746664287.5091796,15876.0,1
1746664287.519315,13800.0,1
1746664287.5331464,10812.0,1
1746664287.5423079,9840.0,1
1746664287.5497408,7714.0,1
1746664287.5600262,3820.0,1
1746664287.5688589,1080.0,1
1746664287.5800762,-1916.0,1
1746664287.589403,-4325.0,1
1746664287.598878,-6687.0,1
1746664287.6089094,-8844.0,1
1746664287.6200671,-10794.0,1
1746664287.6308255,-12341.0,1
1746664287.6392958,-13499.0,1
1746664287.6492844,-17013.0,1
1746664287.659759,-20247.0,1
1746664287.6690214,-22313.0,1
1746664287.678769,-26041.0,1
1746664287.6897638,-27635.0,1
1746664287.6997104,-29445.0,1
1746664287.7093751,-31643.0,1
1746664287.7205915,-33475.0,1
1746664287.730863,-35840.0,1
1746664287.7391105,-37897.0,1
1746664287.7489138,-39889.0,1
1746664287.7588828,-42435.0,1
1746664287.7703414,-45002.0,1
1746664287.7789488,-46541.0,1
1746664287.7904918,-48157.0,1
1746664287.7987523,-49427.0,1
1746664287.8099153,-51069.0,1
1746664287.8205326,-53145.0,1
1746664287.8336284,-55383.0,1
1746664287.8410966,-56601.0,1
1746664287.8491256,-57383.0,1
1746664287.8595264,-59020.0,1
1746664287.8689234,-59790.0,1
1746664287.8791752,-61333.0,1
1746664287.8896403,-61986.0,1
1746664287.8990583,-63029.0,1
1746664287.9088514,-64113.0,1
1746664287.9208808,-65633.0,1
1746664287.9305744,-66731.0,1
1746664287.9391408,-67121.0,1
1746664287.9492424,-68067.0,1
1746664287.958928,-67965.0,1
1746664287.9693966,-68591.0,1
1746664287.9796531,-69127.0,1
1746664287.9892442,-69648.0,1
1746664287.9991632,-69810.0,1
1746664288.0096366,-70123.0,1
1746664288.0209408,-70075.0,1
1746664288.0303137,-70429.0,1
1746664288.0416093,-70287.0,1
1746664288.0508537,-70611.0,1
1746664288.0592577,-70633.0,1
1746664288.070344,-70023.0,1
1746664288.07947,-70235.0,1
1746664288.088957,-69649.0,1
1746664288.0995517,-69481.0,1
1746664288.108691,-68601.0,1
1746664288.1196241,-68479.0,1
1746664288.1375382,-67989.0,1
1746664288.150428,-67227.0,1
1746664288.1590495,-66897.0,1
1746664288.1689193,-65855.0,1
1746664288.1791997,-65288.0,1
1746664288.1887903,-64165.0,1
1746664288.1989834,-62901.0,1
1746664288.2092798,-61545.0,1
1746664288.2209108,-59619.0,1
1746664288.2305248,-58153.0,1
1746664288.2432668,-57509.0,1
1746664288.2508214,-55783.0,1
1746664288.261312,-54859.0,1
1746664288.2702951,-54035.0,1
1746664288.2788773,-52687.0,1
1746664288.289214,-51504.0,1
1746664288.2987487,-50335.0,1
1746664288.3087442,64966.0,1
1746664288.318816,64167.0,1
1746664288.3284829,62866.0,1
1746664288.3390896,61833.0,1
1746664288.3492908,60719.0,1
1746664288.3589642,59124.0,1
1746664288.368879,57602.0,1
1746664288.3791163,55276.0,1
1746664288.3891118,54210.0,1
1746664288.3999112,52128.0,1
1746664288.4093406,50465.0,1
1746664288.4202988,49044.0,1
1746664288.4304118,47011.0,1
1746664288.4395313,45935.0,1
1746664288.4499953,43544.0,1
1746664288.4602547,42060.0,1
1746664288.4695556,40634.0,1
1746664288.478929,38486.0,1
1746664288.4897914,36792.0,1
1746664288.4988737,34630.0,1
1746664288.5087962,32452.0,1
1746664288.5195415,29878.0,1
1746664288.5291867,27836.0,1
1746664288.538891,25588.0,1
1746664288.5496106,23468.0,1
1746664288.5589025,21158.0,1
1746664288.5689626,18908.0,1
1746664288.5790293,17080.0,1
1746664288.5899732,14894.0,1
1746664288.5993688,12722.0,1
1746664288.6088037,9149.0,1
1746664288.6202717,6189.0,1
1746664288.63073,3813.0,1
1746664288.6418095,1071.0,1
1746664288.6492786,-814.0,1
1746664288.6598306,-3249.0,1
1746664288.6695035,-5453.0,1
1746664288.6790135,-7979.0,1
1746664288.689516,-10445.0,1
1746664288.6989112,-13331.0,1
1746664288.7088492,-17051.0,1
1746664288.7207632,-19751.0,1
1746664288.7327275,-21905.0,1
1746664288.7391446,-22961.0,1
1746664288.749922,-25595.0,1
1746664288.759581,-28079.0,1
1746664288.7687976,-30259.0,1
1746664288.7790148,-32709.0,1
1746664288.7888534,-36950.0,1
1746664288.7998443,-39357.0,1
1746664288.8088748,-41119.0,1
1746664288.8203259,-43301.0,1
1746664288.833105,-45088.0,1
1746664288.8398604,-46327.0,1
1746664288.8491142,-47581.0,1
1746664288.859126,-50675.0,1
1746664288.8695207,-53730.0,1
1746664288.8801026,-56177.0,1
1746664288.8902588,-57861.0,1
1746664288.899515,-59415.0,1
1746664288.910705,-61011.0,1
1746664288.920998,-62701.0,1
1746664288.93102,-63377.0,1
1746664288.9397461,-64124.0,1
1746664288.949673,-66158.0,1
1746664288.9596334,-68247.0,1
1746664288.969213,-70699.0,1
1746664288.979503,-72400.0,1
1746664288.9888399,-73690.0,1
1746664288.9996998,-74830.0,1
1746664289.0098658,-75552.0,1
1746664289.0209165,-76413.0,1
1746664289.0355604,-77597.0,1
1746664289.0393915,-77935.0,1
1746664289.0500286,-79001.0,1
1746664289.059203,-80387.0,1
1746664289.0704083,-81151.0,1
1746664289.0799518,-82007.0,1
1746664289.0891287,-82614.0,1
1746664289.1013086,-82597.0,1
1746664289.1103938,-82749.0,1
1746664289.1201487,-83133.0,1
1746664289.1311624,-83658.0,1
1746664289.1389983,-84131.0,1
1746664289.149751,-83880.0,1
1746664289.158829,-84065.0,1
1746664289.169442,-84275.0,1
1746664289.178837,-84002.0,1
1746664289.188627,-84227.0,1
1746664289.1992624,-84079.0,1
1746664289.2089689,-83849.0,1
1746664289.2214048,-83547.0,1
1746664289.22942,-83339.0,1
1746664289.2390275,-82431.0,1
1746664289.249031,-82373.0,1
1746664289.259603,-82189.0,1
1746664289.2688053,-81307.0,1
1746664289.2793536,-80503.0,1
1746664289.2896862,-79983.0,1
1746664289.298665,-79379.0,1
1746664289.308578,-78329.0,1
1746664289.3189924,-77035.0,1
1746664289.3289294,-75258.0,1
1746664289.3402662,-74517.0,1
1746664289.3503563,-73675.0,1
1746664289.3598328,-72651.0,1
1746664289.3697386,-70160.0,1
1746664289.3792508,-68237.0,1
1746664289.3894727,-65950.0,1
1746664289.3995948,-63987.0,1
1746664289.4104505,-62385.0,1
1746664289.4207246,-60345.0,1
1746664289.4327135,-58761.0,1
1746664289.442143,-57989.0,1
1746664289.4496102,-56360.0,1
1746664289.458825,-54155.0,1
1746664289.46933,-50139.0,1
1746664289.4793441,-47381.0,1
1746664289.4905908,-45168.0,1
1746664289.4994369,-42709.0,1
1746664289.5100496,-39607.0,1
1746664289.5200734,-37739.0,1
1746664289.534693,-35807.0,1
1746664289.5399973,-34444.0,1
1746664289.5502,-32407.0,1
1746664289.5592878,-30083.0,1
1746664289.5707495,-26129.0,1
1746664289.5797641,-23430.0,1
1746664289.589514,-20498.0,1
1746664289.6003687,-17930.0,1
1746664289.6100543,-16057.0,1
1746664289.6196003,-14059.0,1
1746664289.6313157,-11957.0,1
1746664289.6396842,-10387.0,1
1746664289.6513872,-7359.0,1
1746664289.6599293,-5165.0,1
1746664289.6702003,-2436.0,1
1746664289.6796646,638.0,1
1746664289.6904078,3798.0,1
1746664289.6997397,5738.0,1
1746664289.7092528,7510.0,1
1746664289.7194147,9316.0,1
1746664289.7294872,12360.0,1
1746664289.738993,14894.0,1
1746664289.7502859,16928.0,1
1746664289.7593122,19974.0,1
1746664289.7700772,22277.0,1
1746664289.779193,25027.0,1
1746664289.7893915,27000.0,1
1746664289.7989898,29208.0,1
1746664289.8095024,31892.0,1
1746664289.8204954,34156.0,1
1746664289.8313777,36050.0,1
1746664289.8418977,37285.0,1
1746664289.8492758,38739.0,1
1746664289.860059,40114.0,1
1746664289.8726351,42841.0,1
1746664289.8800836,44165.0,1
1746664289.890081,46616.0,1
1746664289.9001286,48718.0,1
1746664289.910934,50034.0,1
1746664289.9208503,51286.0,1
1746664289.9305613,52882.0,1
1746664289.9397569,53755.0,1
1746664289.9496274,55594.0,1
1746664289.9595456,56814.0,1
1746664289.969397,58588.0,1
1746664289.9797337,59380.0,1
1746664289.990046,60332.0,1
1746664289.9989262,-70457.0,1
1746664290.0092888,-72197.0,1
1746664290.022299,-74464.0,1
1746664290.0337698,-76034.0,1
1746664290.0408792,-78427.0,1
1746664290.0497937,-80557.0,1
1746664290.05993,-82493.0,1
1746664290.0700185,-84131.0,1
1746664290.0795586,-84725.0,1
1746664290.0888846,-85812.0,1
1746664290.0992973,-87207.0,1
1746664290.1093004,-88179.0,1
1746664290.120779,-88843.0,1
1746664290.1363437,-89703.0,1
1746664290.1409173,-90471.0,1
1746664290.1494877,-90347.0,1
1746664290.1599457,-90367.0,1
1746664290.168941,-90741.0,1
1746664290.1798236,-90433.0,1
1746664290.189673,-90770.0,1
1746664290.1997442,-90770.0,1
1746664290.2103388,-90831.0,1
1746664290.220216,-90761.0,1
1746664290.229818,-90185.0,1
1746664290.243894,-89229.0,1
1746664290.2505445,-89101.0,1
1746664290.2600582,-88107.0,1
1746664290.2698057,-87537.0,1
1746664290.2791414,-86661.0,1
1746664290.2921035,-85415.0,1
1746664290.2989135,-84227.0,1
1746664290.3096695,-82307.0,1
1746664290.320645,-80027.0,1
1746664290.3321664,-77826.0,1
1746664290.339949,-76428.0,1
1746664290.351175,-73295.0,1
1746664290.3587682,-70580.0,1
1746664290.3697433,-68339.0,1
1746664290.3790762,-66687.0,1
1746664290.3900342,-63446.0,1
1746664290.399389,-61600.0,1
1746664290.4088185,-59047.0,1
1746664290.4231951,-55741.0,1
1746664290.4418125,-47948.0,1
1746664290.4499097,-45753.0,1
1746664290.4591253,-43828.0,1
1746664290.4702466,-39665.0,1
1746664290.4791799,-38361.0,1
1746664290.4896927,-34794.0,1
1746664290.49935,-29844.0,1
1746664290.509535,-26080.0,1
1746664290.5201516,-23185.0,1
1746664290.5307343,-19332.0,1
1746664290.5398865,-17225.0,1
1746664290.5492725,-15037.0,1
1746664290.5594356,-11879.0,1
1746664290.5689352,-7951.0,1
1746664290.5794177,-4793.0,1
1746664290.5902886,-941.0,1
1746664290.5994015,1032.0,1
1746664290.6093328,3231.0,1
1746664290.6192214,5928.0,1
1746664290.6305006,9718.0,1
1746664290.6392114,12128.0,1
1746664290.6496065,15304.0,1
1746664290.6589403,18437.0,1
1746664290.6691167,20794.0,1
1746664290.6791298,23030.0,1
1746664290.6888306,26276.0,1
1746664290.6990826,28388.0,1
1746664290.7090025,31156.0,1
1746664290.7203927,33596.0,1
1746664290.7362337,34984.0,1
1746664290.7410486,37516.0,1
1746664290.7515001,39610.0,1
1746664290.759999,41542.0,1
1746664290.7709684,43678.0,1
1746664290.7805889,45682.0,1
1746664290.7898178,46953.0,1
1746664290.7991016,48088.0,1
1746664290.8095357,49309.0,1
1746664290.8208184,50531.0,1
1746664290.8290389,51064.0,1
1746664290.8403769,52620.0,1
1746664290.8500226,53780.0,1
1746664290.8596632,54325.0,1
1746664290.869413,56020.0,1
1746664290.8797615,57208.0,1
1746664290.889892,58226.0,1
1746664290.8990326,58713.0,1
1746664290.908837,58802.0,1
1746664290.9205403,59686.0,1
1746664290.9300587,60192.0,1
1746664290.940297,60694.0,1
1746664290.9493752,61326.0,1
1746664290.959741,61898.0,1
1746664290.9697902,61921.0,1
1746664290.979221,61916.0,1
1746664290.9895794,61648.0,1
1746664290.9991214,61888.0,1
1746664291.0095582,61704.0,1
1746664291.0195482,61986.0,1
1746664291.035862,61934.0,1
1746664291.0395293,61975.0,1
1746664291.0501258,61514.0,1
1746664291.059594,61738.0,1
1746664291.0688953,60744.0,1
1746664291.079239,60033.0,1
1746664291.089028,59416.0,1
1746664291.0992765,59054.0,1
1746664291.1086335,58538.0,1
1746664291.1204743,58078.0,1
1746664291.129636,57302.0,1
1746664291.139237,56798.0,1
1746664291.149003,56236.0,1
1746664291.159402,54994.0,1
1746664291.16891,54450.0,1
1746664291.1793137,53604.0,1
1746664291.188941,52656.0,1
1746664291.1998851,52085.0,1
1746664291.2106555,50728.0,1
1746664291.2202082,49968.0,1
1746664291.2296894,48976.0,1
1746664291.2389488,47860.0,1
1746664291.249295,46282.0,1
1746664291.2596576,44280.0,1
1746664291.269651,42980.0,1
1746664291.2790308,40814.0,1
1746664291.289988,39218.0,1
1746664291.299852,37730.0,1
1746664291.3108847,35762.0,1
1746664291.319093,34865.0,1
1746664291.3311954,32736.0,1
1746664291.3404596,31910.0,1
1746664291.3498743,30317.0,1
1746664291.3594418,27824.0,1
1746664291.3705819,25285.0,1
1746664291.3787448,23002.0,1
1746664291.3908565,21270.0,1
1746664291.3999693,19423.0,1
1746664291.4099472,17310.0,1
1746664291.4221735,15824.0,1
1746664291.4290018,13699.0,1
1746664291.4401062,12377.0,1
1746664291.4504752,10420.0,1
1746664291.459901,7010.0,1
1746664291.4711795,3516.0,1
1746664291.479002,1022.0,1
1746664291.4887068,-730.0,1
1746664291.4991884,-3177.0,1
1746664291.5102675,-6041.0,1
1746664291.520637,-8355.0,1
1746664291.5294495,-10687.0,1
1746664291.5387719,-12117.0,1
1746664291.5542781,-16185.0,1
1746664291.5589216,-17085.0,1
1746664291.569435,-19781.0,1
1746664291.5797105,-23355.0,1
1746664291.589321,-25411.0,1
1746664291.5996592,-27730.0,1
1746664291.6104348,-31145.0,1
1746664291.620454,-35255.0,1
1746664291.6301563,-37265.0,1
1746664291.640065,-39937.0,1
1746664291.6496367,-41923.0,1
1746664291.6595695,-44074.0,1
1746664291.6696768,-46987.0,1
1746664291.680573,-49757.0,1
1746664291.6906393,-52008.0,1
1746664291.701018,-54536.0,1
1746664291.7093084,-55945.0,1
1746664291.7192962,-57838.0,1
1746664291.7319624,-59247.0,1
1746664291.739813,-60217.0,1
1746664291.7497373,-62195.0,1
1746664291.7597356,-65477.0,1
1746664291.7687602,-67045.0,1
1746664291.7797399,-70559.0,1
1746664291.7890513,-71895.0,1
1746664291.8,-73495.0,1
1746664291.8095517,-74021.0,1
1746664291.8197029,-74994.0,1
1746664291.8295116,-76314.0,1
1746664291.8409305,-77075.0,1
1746664291.8499,-78722.0,1
1746664291.8601675,-80179.0,1
1746664291.8694687,-80689.0,1
1746664291.8802283,-80692.0,1
1746664291.8900414,-81063.0,1
1746664291.8995771,-80963.0,1
1746664291.9091249,-81567.0,1
1746664291.9201584,-81633.0,1
1746664291.9334908,-81525.0,1
1746664291.940176,-81379.0,1
1746664291.9499142,-81321.0,1
1746664291.9598174,-81373.0,1
1746664291.9699383,-80683.0,1
1746664291.9789093,-80335.0,1
1746664291.9904873,-79491.0,1
1746664291.9994295,-78759.0,1
1746664292.009034,-77815.0,1
1746664292.0200646,-76154.0,1
1746664292.0289457,-74804.0,1
1746664292.0398989,-73339.0,1
1746664292.0516827,51678.0,1
1746664292.0587986,51828.0,1
1746664292.0693524,51540.0,1
1746664292.0807464,51168.0,1
1746664292.0906844,51058.0,1
1746664292.0993671,50848.0,1
1746664292.1095178,50643.0,1
1746664292.120708,50452.0,1
1746664292.132828,49654.0,1
1746664292.1427326,48200.0,1
1746664292.1494012,47364.0,1
1746664292.159298,46726.0,1
1746664292.1692848,45906.0,1
1746664292.1791644,44916.0,1
1746664292.1897004,43622.0,1
1746664292.200039,42358.0,1
1746664292.2095482,40642.0,1
1746664292.220768,38453.0,1
1746664292.2306132,37169.0,1
1746664292.2394505,35616.0,1
1746664292.2503622,34133.0,1
1746664292.2595801,32598.0,1
1746664292.268811,30814.0,1
1746664292.2795835,28312.0,1
1746664292.2903972,25414.0,1
1746664292.2992322,24122.0,1
1746664292.309653,21690.0,1
1746664292.3212848,19304.0,1
1746664292.330019,17396.0,1
1746664292.3396268,15784.0,1
1746664292.3512964,13020.0,1
1746664292.3606544,10357.0,1
1746664292.3695858,8104.0,1
1746664292.3798025,4272.0,1
1746664292.3917334,1909.0,1
1746664292.3994257,-43.0,1
1746664292.409718,-3435.0,1
1746664292.4211168,-5639.0,1
1746664292.4338052,-8045.0,1
1746664292.4407883,-8981.0,1
1746664292.451768,-15451.0,1
1746664292.4593165,-18026.0,1
1746664292.470259,-21579.0,1
1746664292.4822283,-23719.0,1
1746664292.4888196,-26153.0,1
1746664292.4997427,-29469.0,1
1746664292.51042,-33156.0,1
1746664292.5243425,-37067.0,1
1746664292.5306852,-39803.0,1
1746664292.543539,-42825.0,1
1746664292.5508704,-45763.0,1
1746664292.5596957,-48307.0,1
1746664292.5704348,-51004.0,1
1746664292.5803366,-54265.0,1
1746664292.590781,-57787.0,1
1746664292.60013,-60581.0,1
1746664292.6102328,-62629.0,1
1746664292.6322834,-65190.0,1
1746664292.646189,-71241.0,1
1746664292.6501153,-73469.0,1
1746664292.6591492,-74821.0,1
1746664292.6701863,-77093.0,1
1746664292.6796677,-78718.0,1
1746664292.6902945,-80765.0,1
1746664292.7013526,-83658.0,1
1746664292.710145,-85076.0,1
1746664292.7199125,-86939.0,1
1746664292.7300096,-88205.0,1
1746664292.739577,-89187.0,1
1746664292.7491086,-89675.0,1
1746664292.759542,-90949.0,1
1746664292.7698004,-92165.0,1
1746664292.7793422,-93227.0,1
1746664292.78932,-94057.0,1
1746664292.7995408,-94393.0,1
1746664292.8089972,-94845.0,1
1746664292.8190608,-94977.0,1
1746664292.8295069,-95513.0,1
1746664292.8392317,-95754.0,1
1746664292.850368,-95821.0,1
1746664292.8616865,-95931.0,1
1746664292.869776,-95915.0,1
1746664292.8795462,-96097.0,1
1746664292.8902743,-95645.0,1
1746664292.8993874,-95449.0,1
1746664292.9110713,-94863.0,1
1746664292.9203331,-94161.0,1
1746664292.9325252,-93747.0,1
1746664292.9417639,-92982.0,1
1746664292.9501526,-92009.0,1
1746664292.959395,-91177.0,1
1746664292.9704127,-89853.0,1
1746664292.9804537,-88637.0,1
1746664292.9944332,-87030.0,1
1746664293.0095718,-84465.0,1
1746664293.022318,-81367.0,1
1746664293.0348935,-79319.0,1
1746664293.0428264,-76167.0,1
1746664293.0510664,-75313.0,1
1746664293.059668,-72725.0,1
1746664293.070489,-70272.0,1
1746664293.080605,-67245.0,1
1746664293.0907407,-64553.0,1
1746664293.1008797,-60525.0,1
1746664293.1100621,-58645.0,1
1746664293.1203492,-55133.0,1
1746664293.133701,-52661.0,1
1746664293.1402633,-50331.0,1
1746664293.1495347,-45881.0,1
1746664293.1606317,-42337.0,1
1746664293.169281,-39707.0,1
1746664293.1798,-35959.0,1
1746664293.1901116,-33485.0,1
1746664293.1995788,-30741.0,1
1746664293.2104976,-28415.0,1
1746664293.2197115,-25694.0,1
1746664293.2310877,-21371.0,1
1746664293.2389774,-18064.0,1
1746664293.2510908,-15641.0,1
1746664293.2594938,-12951.0,1
1746664293.2700875,-11290.0,1
1746664293.279658,-8895.0,1
1746664293.2904234,-5459.0,1
1746664293.3,-1993.0,1
1746664293.3100085,300.0,1
1746664293.3204598,2595.0,1
1746664293.3292427,4892.0,1
1746664293.3400156,7294.0,1
1746664293.3522692,10433.0,1
1746664293.3587348,12030.0,1
1746664293.3696976,14422.0,1
1746664293.3799677,16693.0,1
1746664293.3900862,18636.0,1
1746664293.3994918,19928.0,1
1746664293.408919,22188.0,1
1746664293.4193652,23874.0,1
1746664293.4292948,25987.0,1
1746664293.4443474,27896.0,1
1746664293.4497137,28126.0,1
1746664293.459045,29210.0,1
1746664293.4698424,30186.0,1
1746664293.4801204,31084.0,1
1746664293.4902494,32168.0,1
1746664293.4992163,33038.0,1
1746664293.5094612,33886.0,1
1746664293.5228097,34581.0,1
1746664293.5308974,34506.0,1
1746664293.5397801,35318.0,1
1746664293.5499713,35569.0,1
1746664293.5600235,35544.0,1
1746664293.5701466,36091.0,1
1746664293.5789368,36466.0,1
1746664293.5891666,36616.0,1
1746664293.5987804,36410.0,1
1746664293.6092606,36160.0,1
1746664293.6234748,35614.0,1
1746664293.6300638,35650.0,1
1746664293.6389408,35650.0,1
1746664293.6486666,35364.0,1
1746664293.6591675,34998.0,1
1746664293.6686683,33856.0,1
1746664293.679088,32800.0,1
1746664293.689715,32106.0,1
1746664293.6996844,30894.0,1
1746664293.7090924,30106.0,1
1746664293.7201626,28920.0,1
1746664293.7305908,27881.0,1
1746664293.7396183,27338.0,1
1746664293.7496004,26186.0,1
1746664293.7601204,25368.0,1
1746664293.7692444,24002.0,1
1746664293.7791736,22876.0,1
1746664293.7888165,20508.0,1
1746664293.7993202,19619.0,1
1746664293.8092108,17834.0,1
1746664293.8201895,15336.0,1
1746664293.8304229,13072.0,1
1746664293.8401353,11688.0,1
1746664293.8493006,9864.0,1
1746664293.859524,7684.0,1
1746664293.8695116,5946.0,1
1746664293.8797383,3192.0,1
1746664293.88957,766.0,1
1746664293.902881,-1141.0,1
1746664293.9094932,-2441.0,1
1746664293.9220757,-5567.0,1
1746664293.93147,-6583.0,1
1746664293.9412227,-7859.0,1
1746664293.949773,-9698.0,1
1746664293.9602833,-11154.0,1
1746664293.9702072,-13365.0,1
1746664293.9793417,-15347.0,1
1746664293.9891937,-19513.0,1
1746664293.9993062,-23099.0,1
1746664294.0090127,-26694.0,1
1746664294.0196235,-27965.0,1
1746664294.0296915,-28151.0,1
1746664294.040001,-27437.0,1
1746664294.0488265,-26891.0,1
1746664294.0592918,-26405.0,1
1746664294.0689757,-27411.0,1
1746664294.0795202,-27995.0,1
1746664294.089463,-27987.0,1
1746664294.0988233,-26823.0,1
1746664294.1094208,-26009.0,1
1746664294.118975,-25894.0,1
1746664294.1316018,-25494.0,1
1746664294.138887,-26047.0,1
1746664294.1491435,-26365.0,1
1746664294.1591227,-26345.0,1
1746664294.1695714,-25971.0,1
1746664294.1804368,-26197.0,1
1746664294.189623,-26615.0,1
1746664294.1994867,-26243.0,1
1746664294.2093592,-26303.0,1
1746664294.219286,-26413.0,1
1746664294.230527,-25732.0,1
1746664294.239744,-25757.0,1
1746664294.2496324,-25943.0,1
1746664294.2592897,-25548.0,1
1746664294.2696807,-25111.0,1
1746664294.2789388,-25581.0,1
1746664294.2889013,-25149.0,1
1746664294.2987952,-25440.0,1
1746664294.3086848,-25305.0,1
1746664294.3189163,-25615.0,1
1746664294.3325238,-25325.0,1
1746664294.341988,-25317.0,1
1746664294.3497238,-25517.0,1
1746664294.3588953,-25521.0,1
1746664294.3688872,-25451.0,1
1746664294.3795567,-25744.0,1
1746664294.3898678,-25419.0,1
1746664294.3987293,-25399.0,1
1746664294.4096606,-25607.0,1
1746664294.4197476,-25831.0,1
1746664294.4325216,-25097.0,1
1746664294.4398246,-25263.0,1
1746664294.448892,-25729.0,1
1746664294.4589322,-25345.0,1
1746664294.468808,-25345.0,1
1746664294.4787457,-25869.0,1
1746664294.4890206,-25575.0,1
1746664294.4988356,-25744.0,1
1746664294.5096116,-25151.0,1
1746664294.5197053,-25621.0,1
1746664294.5299346,-25536.0,1
1746664294.5393782,-25505.0,1
1746664294.5491931,-25563.0,1
1746664294.558905,-25035.0,1
1746664294.568958,-25039.0,1
1746664294.5791497,-25250.0,1
1746664294.5898223,-20835.0,1
1746664294.598635,-20591.0,1
1746664294.6087537,-20800.0,1
1746664294.6197479,-20723.0,1
1746664294.6302457,-20679.0,1
1746664294.6390324,-20313.0,1
1746664294.6495836,-20283.0,1
1746664294.658868,-20217.0,1
1746664294.6688635,-20056.0,1
1746664294.6785593,-19561.0,1
1746664294.6886153,-19785.0,1
1746664294.6987147,-19285.0,1
1746664294.7085989,-19571.0,1
1746664294.7189655,-18567.0,1
1746664294.7301018,-18841.0,1
1746664294.7395375,-19063.0,1
1746664294.748625,-18881.0,1
1746664294.759287,-18121.0,1
1746664294.770832,-17992.0,1
1746664294.778955,-17736.0,1
1746664294.788653,-17665.0,1
1746664294.7989542,-17312.0,1
1746664294.8097253,-17737.0,1
1746664294.8190577,-17435.0,1
1746664294.8308742,-17515.0,1
1746664294.8400621,-17247.0,1
1746664294.851248,-17363.0,1
1746664294.8590708,-17349.0,1
1746664294.8699446,-17691.0,1
1746664294.878885,-17395.0,1
1746664294.889613,-17624.0,1
1746664294.8992858,-18159.0,1
1746664294.9087162,-17967.0,1
1746664294.9191723,-18100.0,1
1746664294.9294965,-18529.0,1
1746664294.938897,-18249.0,1
1746664294.9493587,-18899.0,1
1746664294.9589598,-19115.0,1
1746664294.9697526,-19033.0,1
1746664294.979227,-18951.0,1
1746664294.9887002,-19417.0,1
1746664294.9989445,-19364.0,1
1746664295.0085995,-19767.0,1
1746664295.0197325,-19873.0,1
1746664295.0292556,-19778.0,1
1746664295.0399046,-19912.0,1
1746664295.050717,-20011.0,1
1746664295.059068,-19909.0,1
1746664295.0696707,-19911.0,1
1746664295.079121,-20075.0,1
1746664295.088996,-19924.0,1
1746664295.098897,-19635.0,1
1746664295.1087117,-20051.0,1
1746664295.1199212,-19430.0,1
1746664295.1287663,-19539.0,1
1746664295.1393294,-19403.0,1
1746664295.1493022,-19787.0,1
1746664295.1595056,-19405.0,1
1746664295.168771,-19182.0,1
1746664295.1788957,-18899.0,1
1746664295.1891966,-18505.0,1
1746664295.1990664,-17941.0,1
1746664295.208687,-17487.0,1
1746664295.220059,-16641.0,1
1746664295.2292058,-15977.0,1
1746664295.2392225,-15225.0,1
1746664295.249326,-14605.0,1
1746664295.2587833,-13262.0,1
1746664295.268643,-12549.0,1
1746664295.279664,-10569.0,1
1746664295.2897031,-9544.0,1
1746664295.299236,-8553.0,1
1746664295.3086019,-7068.0,1
1746664295.3198972,-6373.0,1
1746664295.3288565,-4311.0,1
